rounds,seed,question_index,effect
10,31,5,-0.5
10,31,21,0.0
10,31,27,0.0
10,31,67,0.0
10,31,71,0.0
10,31,122,0.75
10,31,133,0.0
10,31,163,0.0
10,31,164,0.0
10,31,172,0.0
10,31,177,0.0
10,31,185,0.0
10,31,189,0.0
10,31,195,0.0
10,31,220,0.25
10,31,241,0.0
10,31,260,0.0
10,31,264,0.0
10,31,272,0.0
10,31,295,0.0
10,31,355,0.25
10,31,376,0.0
10,31,407,0.0
10,31,431,-0.75
10,31,450,0.0
10,31,468,-0.5
10,31,484,0.0
10,31,487,0.0
10,31,511,0.0
10,31,518,0.0
10,31,525,0.0
10,31,529,0.0
10,31,552,0.0
10,31,560,0.0
10,31,594,-0.75
10,31,612,0.0
10,31,620,0.0
10,31,646,0.0
10,31,648,0.25
10,31,656,0.0
10,31,665,0.0
10,31,669,0.0
10,31,676,0.0
10,31,695,-0.5
10,31,701,0.0
10,31,715,0.0
10,31,725,0.0
10,31,726,0.0
10,31,745,0.75
10,31,751,-0.5
10,31,773,0.0
10,31,802,0.0
10,31,803,0.0
10,31,892,0.0
10,31,918,0.0
10,31,931,0.0
10,31,973,0.0
10,31,989,0.0
10,31,1022,0.0
10,31,1023,0.0
10,31,1034,0.0
10,31,1064,0.75
10,31,1072,0.0
10,31,1088,0.0
10,31,1095,0.0
10,31,1097,0.0
10,31,1099,0.0
10,31,1123,-0.25
10,31,1147,0.0
10,31,1157,0.0
10,31,1170,0.0
10,31,1190,0.0
10,31,1206,0.0
10,31,1219,0.0
10,31,1249,0.75
10,31,1288,0.0
10,31,1310,-0.25
10,31,1331,0.0
10,31,1353,0.0
10,31,1354,0.0
10,31,1356,0.0
10,31,1358,-0.5
10,31,1379,0.0
10,31,1396,0.25
10,31,1402,0.0
10,31,1424,-0.75
10,31,1469,0.5
10,31,1476,0.0
10,31,1499,0.5
10,31,1525,0.0
10,31,1548,0.0
10,31,1564,0.0
10,31,1577,0.0
10,31,1609,0.0
10,31,1622,-0.5
10,31,1662,0.0
10,31,1681,0.75
10,31,1684,0.0
10,31,1689,0.0
10,31,1746,0.0
10,31,1779,0.0
10,31,1784,0.0
10,31,1794,0.0
10,31,1839,0.0
10,31,1859,0.0
10,31,1883,0.0
10,31,1885,0.0
10,31,1980,0.0
10,31,1987,0.0
10,31,2019,0.0
10,31,2065,0.0
10,31,2088,0.0
10,31,2096,0.0
10,31,2193,0.0
10,31,2227,0.0
10,31,2243,0.0
10,31,2248,0.0
10,31,2259,0.0
10,31,2289,-0.5
10,31,2295,0.0
10,31,2335,0.0
10,31,2340,0.5
10,31,2398,0.0
10,31,2400,0.0
10,31,2432,0.0
10,31,2438,0.0
10,31,2445,0.0
10,31,2484,0.0
10,31,2555,0.0
10,31,2578,0.0
10,31,2598,0.0
10,31,2600,0.0
10,31,2611,0.5
10,31,2666,0.75
10,31,2672,0.0
10,31,2679,0.0
10,31,2693,0.0
10,31,2716,0.0
10,31,2753,0.0
10,31,2760,0.75
10,31,2771,0.0
10,31,2787,0.0
10,31,2789,0.0
10,31,2798,0.5
10,31,2813,0.0
10,31,2824,0.75
10,31,2859,0.0
10,31,2894,0.0
10,31,2917,0.0
10,31,2942,0.0
10,31,2957,0.0
10,31,3030,0.25
10,31,3064,0.75
10,31,3084,0.0
10,31,3108,0.0
10,31,3121,0.0
10,31,3156,-0.75
10,31,3219,0.0
10,31,3220,0.5
10,31,3222,0.0
10,31,3249,0.5
10,31,3257,0.0
10,31,3326,0.0
10,31,3333,0.0
10,31,3335,0.0
10,31,3340,0.0
10,31,3380,0.0
10,31,3382,0.75
10,31,3385,0.0
10,31,3404,0.0
10,31,3405,0.75
10,31,3424,0.0
10,31,3433,0.5
10,31,3442,0.0
10,31,3447,0.0
10,31,3454,0.0
10,31,3464,0.0
10,31,3499,0.0
10,31,3560,0.0
10,31,3574,0.0
10,31,3584,0.0
10,31,3597,0.0
10,31,3600,0.25
10,31,3605,0.0
10,31,3621,0.0
10,31,3657,0.0
10,31,3662,0.0
10,31,3680,0.0
10,31,3684,0.0
10,31,3698,-0.25
10,31,3709,-0.5
10,31,3718,-0.5
10,31,3754,0.0
10,31,3769,0.0
10,31,3773,0.75
10,31,3796,0.0
10,31,3805,0.0
10,31,3815,0.0
10,31,3820,0.0
10,31,3880,0.25
10,31,3915,0.0
10,31,3928,-0.5
10,31,3945,0.75
10,31,3969,-0.25
10,31,3978,-0.5
10,31,4003,0.0
10,31,4007,0.0
10,31,4025,0.0
10,31,4075,0.0
10,31,4083,0.0
10,31,4157,-0.75
10,31,4163,0.0
10,31,4176,0.75
10,31,4186,0.0
10,31,4192,0.0
10,31,4197,0.0
10,31,4209,0.0
10,31,4213,0.0
10,31,4231,0.0
10,31,4237,0.0
10,31,4256,0.0
10,31,4261,0.0
10,31,4263,0.0
10,31,4269,-0.75
10,31,4293,-0.75
10,31,4300,0.0
10,31,4313,-0.25
10,31,4346,0.0
10,31,4349,0.0
10,31,4365,0.0
10,31,4394,-0.5
10,31,4404,0.75
10,31,4408,0.0
10,31,4411,0.0
10,31,4436,0.0
10,31,4441,0.0
10,31,4442,0.75
10,31,4446,0.0
10,31,4455,0.0
10,31,4480,0.0
10,31,4490,0.25
10,31,4499,-0.25
10,31,4501,-0.5
10,31,4503,0.0
10,31,4506,0.25
10,31,4529,-0.75
10,31,4561,-0.25
10,31,4568,0.0
10,31,4569,0.5
10,31,4578,0.0
10,31,4591,0.0
10,31,4605,0.0
10,31,4641,0.5
10,31,4664,0.25
10,31,4666,0.0
10,31,4678,0.0
10,31,4686,0.0
10,31,4698,0.0
10,31,4703,0.0
10,31,4704,0.0
10,31,4709,0.0
10,31,4719,0.5
10,31,4727,0.0
10,31,4744,-0.5
10,31,4746,0.0
10,31,4770,0.0
10,31,4781,0.0
10,31,4813,0.0
10,31,4851,0.0
10,31,4858,0.5
10,31,4870,0.25
10,31,4911,-0.5
10,31,4980,0.0
10,31,5002,0.0
10,31,5019,0.0
10,31,5061,0.0
10,31,5078,0.0
10,31,5083,0.0
10,31,5095,-0.5
10,31,5103,0.0
10,31,5107,0.0
10,31,5115,0.0
10,31,5146,-0.25
10,31,5154,0.0
10,31,5180,0.0
10,31,5185,0.0
10,31,5195,0.0
10,31,5203,0.75
10,31,5243,0.0
10,31,5261,0.0
10,31,5282,0.0
10,31,5286,0.0
10,31,5301,0.0
10,31,5317,0.0
10,31,5324,0.0
10,31,5384,0.0
10,31,5386,-0.25
10,31,5404,0.0
10,31,5422,0.0
10,31,5433,0.0
10,31,5435,0.25
10,31,5454,0.0
10,31,5462,0.0
10,31,5476,0.25
10,31,5494,0.0
10,31,5511,0.0
10,31,5523,-0.5
10,31,5529,0.0
10,31,5550,0.75
10,31,5551,0.0
10,31,5556,0.0
10,31,5564,0.0
10,31,5577,-0.75
10,31,5597,-0.75
10,31,5599,0.0
10,31,5609,0.0
10,31,5612,-0.25
10,31,5625,-0.75
10,31,5657,0.0
10,31,5684,0.0
10,31,5711,0.0
10,31,5734,0.0
10,31,5788,0.25
10,31,5794,0.0
10,31,5795,0.0
10,31,5816,0.75
10,31,5825,0.0
10,31,5833,0.0
10,31,5834,0.0
10,31,5835,-0.25
10,31,5858,0.0
10,31,5860,-0.25
10,31,5902,-0.25
10,31,5903,0.0
10,31,5935,0.25
10,31,5992,0.0
10,31,6002,0.0
10,31,6059,0.0
10,31,6076,0.0
10,31,6109,0.0
10,31,6110,0.75
10,31,6117,0.0
10,31,6119,0.0
10,31,6142,0.0
10,31,6191,0.0
10,31,6244,0.0
10,31,6273,0.0
10,31,6280,0.0
10,31,6406,0.0
10,31,6419,0.0
10,31,6424,0.0
10,31,6431,0.0
10,31,6459,0.0
10,31,6461,0.0
10,31,6497,0.0
10,31,6518,0.0
10,31,6531,0.0
10,31,6577,0.0
10,31,6578,0.75
10,31,6579,0.0
10,31,6580,0.0
10,31,6656,-0.5
10,31,6659,0.0
10,31,6663,-0.5
10,31,6717,0.0
10,31,6729,0.0
10,31,6737,0.0
10,31,6767,0.0
10,31,6777,0.0
10,31,6782,-0.25
10,31,6792,0.0
10,31,6826,0.0
10,31,6837,0.25
10,31,6840,0.0
10,31,6850,0.0
10,31,6861,0.0
10,31,6911,0.0
10,31,6925,-0.5
10,31,7001,0.0
10,31,7028,0.75
10,31,7037,0.0
10,31,7062,0.0
10,31,7089,0.25
10,31,7108,0.0
10,31,7127,0.0
10,31,7130,0.0
10,31,7171,0.0
10,31,7187,0.75
10,31,7204,0.0
10,31,7206,0.0
10,31,7245,0.0
10,31,7249,0.0
10,31,7274,0.75
10,31,7285,0.75
10,31,7287,0.0
10,31,7339,-0.5
10,31,7369,0.0
10,31,7379,-0.5
10,31,7414,0.0
10,31,7440,-0.25
30,31,5,-0.33333333333333337
30,31,21,0.0
30,31,27,-0.33333333333333337
30,31,67,0.0
30,31,71,0.0
30,31,122,0.75
30,31,133,0.0
30,31,163,-0.25
30,31,164,0.5833333333333334
30,31,172,0.0
30,31,177,0.0
30,31,185,0.0
30,31,189,0.0
30,31,195,0.0
30,31,220,0.3333333333333333
30,31,241,0.0
30,31,260,-0.25
30,31,264,0.16666666666666666
30,31,272,0.0
30,31,295,0.0
30,31,355,0.16666666666666666
30,31,376,0.0
30,31,407,0.0
30,31,431,-0.33333333333333337
30,31,450,0.0
30,31,468,-0.5
30,31,484,0.0
30,31,487,-0.16666666666666663
30,31,511,0.0
30,31,518,0.0
30,31,525,0.0
30,31,529,0.16666666666666666
30,31,552,0.0
30,31,560,-0.41666666666666663
30,31,594,-0.75
30,31,612,0.0
30,31,620,0.0
30,31,646,0.0
30,31,648,0.16666666666666666
30,31,656,0.0
30,31,665,-0.25
30,31,669,0.16666666666666666
30,31,676,-0.33333333333333337
30,31,695,-0.41666666666666663
30,31,701,0.0
30,31,715,0.0
30,31,725,0.0
30,31,726,0.0
30,31,745,0.9166666666666666
30,31,751,-0.16666666666666663
30,31,773,0.0
30,31,802,0.0
30,31,803,0.0
30,31,892,0.0
30,31,918,0.0
30,31,931,0.0
30,31,973,0.0
30,31,989,0.0
30,31,1022,0.0
30,31,1023,0.0
30,31,1034,-0.25
30,31,1064,0.9166666666666666
30,31,1072,0.0
30,31,1088,0.0
30,31,1095,-0.41666666666666663
30,31,1097,0.0
30,31,1099,-0.25
30,31,1123,-0.33333333333333337
30,31,1147,-0.16666666666666663
30,31,1157,-0.41666666666666663
30,31,1170,0.0
30,31,1190,0.0
30,31,1206,-0.25
30,31,1219,0.0
30,31,1249,0.3333333333333333
30,31,1288,0.0
30,31,1310,-0.33333333333333337
30,31,1331,-0.25
30,31,1353,0.0
30,31,1354,0.0
30,31,1356,0.0
30,31,1358,-0.16666666666666663
30,31,1379,0.16666666666666666
30,31,1396,0.16666666666666666
30,31,1402,-0.25
30,31,1424,-0.33333333333333337
30,31,1469,0.75
30,31,1476,0.0
30,31,1499,0.5833333333333334
30,31,1525,0.0
30,31,1548,-0.25
30,31,1564,0.0
30,31,1577,0.0
30,31,1609,0.0
30,31,1622,-0.16666666666666663
30,31,1662,-0.16666666666666663
30,31,1681,0.9166666666666666
30,31,1684,0.0
30,31,1689,0.0
30,31,1746,-0.16666666666666663
30,31,1779,0.0
30,31,1784,0.0
30,31,1794,0.0
30,31,1839,-0.33333333333333337
30,31,1859,-0.41666666666666663
30,31,1883,-0.5833333333333333
30,31,1885,0.0
30,31,1980,0.0
30,31,1987,-0.41666666666666663
30,31,2019,0.0
30,31,2065,0.16666666666666666
30,31,2088,-0.5833333333333333
30,31,2096,-0.16666666666666663
30,31,2193,0.0
30,31,2227,0.0
30,31,2243,0.0
30,31,2248,0.0
30,31,2259,0.0
30,31,2289,-0.5833333333333333
30,31,2295,0.0
30,31,2335,0.0
30,31,2340,0.5
30,31,2398,0.0
30,31,2400,0.0
30,31,2432,0.0
30,31,2438,0.0
30,31,2445,-0.41666666666666663
30,31,2484,0.0
30,31,2555,-0.33333333333333337
30,31,2578,0.0
30,31,2598,0.0
30,31,2600,0.0
30,31,2611,0.4166666666666667
30,31,2666,0.5
30,31,2672,0.0
30,31,2679,0.0
30,31,2693,0.0
30,31,2716,0.0
30,31,2753,0.0
30,31,2760,0.3333333333333333
30,31,2771,0.0
30,31,2787,0.16666666666666666
30,31,2789,-0.41666666666666663
30,31,2798,0.16666666666666666
30,31,2813,0.0
30,31,2824,0.9166666666666666
30,31,2859,0.0
30,31,2894,0.0
30,31,2917,0.0
30,31,2942,0.0
30,31,2957,0.0
30,31,3030,0.4166666666666667
30,31,3064,0.9166666666666666
30,31,3084,0.16666666666666666
30,31,3108,0.0
30,31,3121,0.0
30,31,3156,-0.33333333333333337
30,31,3219,0.0
30,31,3220,0.3333333333333333
30,31,3222,0.4166666666666667
30,31,3249,0.75
30,31,3257,-0.25
30,31,3326,0.0
30,31,3333,-0.16666666666666663
30,31,3335,0.0
30,31,3340,0.0
30,31,3380,0.0
30,31,3382,0.9166666666666666
30,31,3385,0.0
30,31,3404,-0.16666666666666663
30,31,3405,0.9166666666666666
30,31,3424,0.0
30,31,3433,0.3333333333333333
30,31,3442,0.0
30,31,3447,0.0
30,31,3454,0.0
30,31,3464,0.0
30,31,3499,-0.33333333333333337
30,31,3560,-0.25
30,31,3574,0.0
30,31,3584,-0.25
30,31,3597,0.0
30,31,3600,0.75
30,31,3605,-0.41666666666666663
30,31,3621,0.0
30,31,3657,0.0
30,31,3662,0.0
30,31,3680,0.0
30,31,3684,0.0
30,31,3698,-0.33333333333333337
30,31,3709,-0.16666666666666663
30,31,3718,-0.16666666666666663
30,31,3754,0.0
30,31,3769,0.0
30,31,3773,0.9166666666666666
30,31,3796,0.0
30,31,3805,0.0
30,31,3815,-0.33333333333333337
30,31,3820,0.0
30,31,3880,0.75
30,31,3915,0.0
30,31,3928,-0.41666666666666663
30,31,3945,0.9166666666666666
30,31,3969,-0.5833333333333333
30,31,3978,-0.75
30,31,4003,0.0
30,31,4007,0.4166666666666667
30,31,4025,0.0
30,31,4075,0.0
30,31,4083,-0.16666666666666663
30,31,4157,-0.75
30,31,4163,0.0
30,31,4176,0.6666666666666666
30,31,4186,0.0
30,31,4192,0.0
30,31,4197,-0.16666666666666663
30,31,4209,-0.41666666666666663
30,31,4213,-0.16666666666666663
30,31,4231,0.0
30,31,4237,-0.25
30,31,4256,0.0
30,31,4261,-0.16666666666666663
30,31,4263,0.0
30,31,4269,-0.75
30,31,4293,-0.9166666666666666
30,31,4300,0.0
30,31,4313,-0.16666666666666663
30,31,4346,0.0
30,31,4349,0.0
30,31,4365,0.25
30,31,4394,-0.16666666666666663
30,31,4404,0.9166666666666666
30,31,4408,0.16666666666666666
30,31,4411,-0.25
30,31,4436,0.0
30,31,4441,0.0
30,31,4442,0.9166666666666666
30,31,4446,0.3333333333333333
30,31,4455,0.0
30,31,4480,0.0
30,31,4490,0.3333333333333333
30,31,4499,-0.16666666666666663
30,31,4501,-0.16666666666666663
30,31,4503,-0.16666666666666663
30,31,4506,0.75
30,31,4529,-0.9166666666666666
30,31,4561,-0.75
30,31,4568,0.4166666666666667
30,31,4569,0.16666666666666666
30,31,4578,-0.41666666666666663
30,31,4591,0.0
30,31,4605,0.0
30,31,4641,0.16666666666666666
30,31,4664,0.5833333333333334
30,31,4666,0.0
30,31,4678,0.0
30,31,4686,0.0
30,31,4698,0.0
30,31,4703,0.0
30,31,4704,0.16666666666666666
30,31,4709,0.0
30,31,4719,0.5833333333333334
30,31,4727,0.16666666666666666
30,31,4744,-0.16666666666666663
30,31,4746,0.0
30,31,4770,0.0
30,31,4781,0.0
30,31,4813,-0.41666666666666663
30,31,4851,0.0
30,31,4858,0.75
30,31,4870,0.75
30,31,4911,-0.16666666666666663
30,31,4980,0.0
30,31,5002,0.0
30,31,5019,0.0
30,31,5061,0.0
30,31,5078,0.0
30,31,5083,0.0
30,31,5095,-0.16666666666666663
30,31,5103,0.0
30,31,5107,0.0
30,31,5115,0.0
30,31,5146,-0.75
30,31,5154,0.0
30,31,5180,0.0
30,31,5185,0.0
30,31,5195,0.0
30,31,5203,0.9166666666666666
30,31,5243,0.0
30,31,5261,-0.16666666666666663
30,31,5282,0.5833333333333334
30,31,5286,0.0
30,31,5301,-0.25
30,31,5317,0.0
30,31,5324,0.0
30,31,5384,0.0
30,31,5386,-0.16666666666666663
30,31,5404,-0.25
30,31,5422,0.0
30,31,5433,-0.41666666666666663
30,31,5435,0.75
30,31,5454,0.0
30,31,5462,0.0
30,31,5476,0.75
30,31,5494,0.0
30,31,5511,0.0
30,31,5523,-0.75
30,31,5529,0.0
30,31,5550,0.9166666666666666
30,31,5551,0.0
30,31,5556,0.0
30,31,5564,0.0
30,31,5577,-0.75
30,31,5597,-0.75
30,31,5599,0.0
30,31,5609,0.0
30,31,5612,-0.33333333333333337
30,31,5625,-0.5
30,31,5657,0.0
30,31,5684,0.0
30,31,5711,0.0
30,31,5734,0.0
30,31,5788,0.3333333333333333
30,31,5794,0.0
30,31,5795,0.0
30,31,5816,0.5833333333333334
30,31,5825,-0.16666666666666663
30,31,5833,0.0
30,31,5834,-0.5833333333333333
30,31,5835,-0.33333333333333337
30,31,5858,0.0
30,31,5860,-0.5833333333333333
30,31,5902,-0.75
30,31,5903,-0.41666666666666663
30,31,5935,0.5
30,31,5992,0.0
30,31,6002,0.0
30,31,6059,-0.25
30,31,6076,0.0
30,31,6109,0.0
30,31,6110,0.75
30,31,6117,0.0
30,31,6119,0.0
30,31,6142,0.0
30,31,6191,0.0
30,31,6244,0.0
30,31,6273,-0.25
30,31,6280,0.0
30,31,6406,0.0
30,31,6419,-0.25
30,31,6424,0.0
30,31,6431,0.0
30,31,6459,0.0
30,31,6461,0.0
30,31,6497,0.0
30,31,6518,0.0
30,31,6531,0.4166666666666667
30,31,6577,0.0
30,31,6578,0.9166666666666666
30,31,6579,0.0
30,31,6580,-0.16666666666666663
30,31,6656,-0.16666666666666663
30,31,6659,0.0
30,31,6663,-0.5833333333333333
30,31,6717,0.4166666666666667
30,31,6729,0.0
30,31,6737,0.16666666666666666
30,31,6767,-0.33333333333333337
30,31,6777,0.0
30,31,6782,-0.16666666666666663
30,31,6792,0.0
30,31,6826,0.0
30,31,6837,0.5833333333333334
30,31,6840,0.0
30,31,6850,0.0
30,31,6861,0.0
30,31,6911,0.0
30,31,6925,-0.5833333333333333
30,31,7001,0.0
30,31,7028,0.9166666666666666
30,31,7037,0.4166666666666667
30,31,7062,0.0
30,31,7089,0.75
30,31,7108,0.0
30,31,7127,0.0
30,31,7130,0.0
30,31,7171,-0.25
30,31,7187,0.9166666666666666
30,31,7204,0.0
30,31,7206,-0.16666666666666663
30,31,7245,0.0
30,31,7249,0.0
30,31,7274,0.3333333333333333
30,31,7285,0.9166666666666666
30,31,7287,0.0
30,31,7339,-0.75
30,31,7369,0.0
30,31,7379,-0.75
30,31,7414,-0.41666666666666663
30,31,7440,-0.5833333333333333
10,47,5,0.25
10,47,21,0.0
10,47,27,-0.25
10,47,67,0.0
10,47,71,0.0
10,47,122,0.0
10,47,133,0.0
10,47,163,0.0
10,47,164,0.75
10,47,172,0.0
10,47,177,0.0
10,47,185,0.0
10,47,189,0.0
10,47,195,0.0
10,47,220,-0.25
10,47,241,0.0
10,47,260,0.0
10,47,264,0.0
10,47,272,0.0
10,47,295,0.0
10,47,355,0.25
10,47,376,0.0
10,47,407,0.0
10,47,431,0.0
10,47,450,0.0
10,47,468,0.0
10,47,484,0.0
10,47,487,-0.75
10,47,511,0.0
10,47,518,0.0
10,47,525,0.0
10,47,529,0.0
10,47,552,0.0
10,47,560,0.75
10,47,594,0.0
10,47,612,0.0
10,47,620,0.0
10,47,646,0.0
10,47,648,0.0
10,47,656,0.0
10,47,665,0.75
10,47,669,-0.75
10,47,676,0.75
10,47,695,0.0
10,47,701,0.0
10,47,715,0.0
10,47,725,0.0
10,47,726,0.0
10,47,745,0.75
10,47,751,0.25
10,47,773,0.0
10,47,802,0.25
10,47,803,0.0
10,47,892,0.0
10,47,918,0.0
10,47,931,0.0
10,47,973,0.0
10,47,989,0.0
10,47,1022,0.0
10,47,1023,0.0
10,47,1034,0.0
10,47,1064,0.0
10,47,1072,0.0
10,47,1088,0.0
10,47,1095,0.5
10,47,1097,0.0
10,47,1099,-0.5
10,47,1123,-0.75
10,47,1147,0.0
10,47,1157,0.25
10,47,1170,0.0
10,47,1190,0.0
10,47,1206,0.0
10,47,1219,0.0
10,47,1249,0.0
10,47,1288,0.0
10,47,1310,-0.25
10,47,1331,0.0
10,47,1353,0.0
10,47,1354,0.0
10,47,1356,-0.5
10,47,1358,0.0
10,47,1379,-0.75
10,47,1396,-0.75
10,47,1402,0.0
10,47,1424,0.0
10,47,1469,-0.75
10,47,1476,0.0
10,47,1499,0.0
10,47,1525,0.0
10,47,1548,0.0
10,47,1564,0.0
10,47,1577,0.0
10,47,1609,0.0
10,47,1622,0.0
10,47,1662,0.25
10,47,1681,0.0
10,47,1684,0.0
10,47,1689,0.0
10,47,1746,0.5
10,47,1779,0.0
10,47,1784,0.0
10,47,1794,0.0
10,47,1839,0.75
10,47,1859,0.0
10,47,1883,0.5
10,47,1885,0.0
10,47,1980,0.0
10,47,1987,-0.5
10,47,2019,0.0
10,47,2065,0.0
10,47,2088,0.0
10,47,2096,0.0
10,47,2193,0.0
10,47,2227,0.0
10,47,2243,0.0
10,47,2248,0.0
10,47,2259,0.0
10,47,2289,-0.75
10,47,2295,0.0
10,47,2335,0.0
10,47,2340,0.0
10,47,2398,0.0
10,47,2400,0.0
10,47,2432,0.0
10,47,2438,0.0
10,47,2445,0.0
10,47,2484,0.0
10,47,2555,0.0
10,47,2578,0.0
10,47,2598,0.0
10,47,2600,0.0
10,47,2611,0.0
10,47,2666,0.0
10,47,2672,0.0
10,47,2679,0.75
10,47,2693,0.0
10,47,2716,0.0
10,47,2753,0.75
10,47,2760,-0.25
10,47,2771,0.75
10,47,2787,0.25
10,47,2789,-0.25
10,47,2798,0.75
10,47,2813,0.0
10,47,2824,0.0
10,47,2859,0.0
10,47,2894,0.0
10,47,2917,0.0
10,47,2942,0.0
10,47,2957,0.0
10,47,3030,0.0
10,47,3064,0.0
10,47,3084,0.0
10,47,3108,0.0
10,47,3121,0.0
10,47,3156,0.0
10,47,3219,0.75
10,47,3220,-0.5
10,47,3222,0.25
10,47,3249,0.0
10,47,3257,0.0
10,47,3326,0.0
10,47,3333,0.0
10,47,3335,0.0
10,47,3340,0.0
10,47,3380,-0.5
10,47,3382,0.0
10,47,3385,0.0
10,47,3404,0.0
10,47,3405,-0.75
10,47,3424,0.0
10,47,3433,-0.5
10,47,3442,0.0
10,47,3447,0.0
10,47,3454,0.0
10,47,3464,0.0
10,47,3499,0.25
10,47,3560,0.0
10,47,3574,-0.75
10,47,3584,0.0
10,47,3597,-0.25
10,47,3600,0.75
10,47,3605,-0.75
10,47,3621,0.0
10,47,3657,0.0
10,47,3662,0.0
10,47,3680,0.5
10,47,3684,0.0
10,47,3698,0.0
10,47,3709,0.0
10,47,3718,0.0
10,47,3754,0.0
10,47,3769,-0.5
10,47,3773,-0.5
10,47,3796,0.0
10,47,3805,0.0
10,47,3815,0.0
10,47,3820,0.0
10,47,3880,0.5
10,47,3915,0.0
10,47,3928,0.0
10,47,3945,0.0
10,47,3969,0.25
10,47,3978,0.0
10,47,4003,0.0
10,47,4007,-0.25
10,47,4025,0.0
10,47,4075,0.75
10,47,4083,0.75
10,47,4157,0.25
10,47,4163,0.0
10,47,4176,0.0
10,47,4186,0.0
10,47,4192,0.0
10,47,4197,-0.5
10,47,4209,0.0
10,47,4213,0.0
10,47,4231,0.0
10,47,4237,0.0
10,47,4256,0.0
10,47,4261,-0.25
10,47,4263,0.0
10,47,4269,0.5
10,47,4293,0.0
10,47,4300,0.0
10,47,4313,0.0
10,47,4346,0.0
10,47,4349,-0.75
10,47,4365,0.5
10,47,4394,0.0
10,47,4404,0.0
10,47,4408,-0.25
10,47,4411,0.0
10,47,4436,-0.25
10,47,4441,0.0
10,47,4442,0.75
10,47,4446,0.5
10,47,4455,0.0
10,47,4480,0.0
10,47,4490,0.25
10,47,4499,0.0
10,47,4501,0.0
10,47,4503,0.0
10,47,4506,0.0
10,47,4529,0.0
10,47,4561,-0.25
10,47,4568,-0.25
10,47,4569,0.0
10,47,4578,-0.75
10,47,4591,-0.75
10,47,4605,0.75
10,47,4641,0.75
10,47,4664,-0.5
10,47,4666,0.0
10,47,4678,0.75
10,47,4686,0.0
10,47,4698,0.5
10,47,4703,0.0
10,47,4704,0.0
10,47,4709,0.75
10,47,4719,0.0
10,47,4727,0.0
10,47,4744,-0.5
10,47,4746,0.0
10,47,4770,0.0
10,47,4781,0.0
10,47,4813,-0.25
10,47,4851,0.25
10,47,4858,0.0
10,47,4870,0.0
10,47,4911,-0.75
10,47,4980,0.0
10,47,5002,0.0
10,47,5019,-0.75
10,47,5061,0.0
10,47,5078,0.0
10,47,5083,0.0
10,47,5095,0.0
10,47,5103,0.75
10,47,5107,0.0
10,47,5115,0.0
10,47,5146,-0.75
10,47,5154,0.0
10,47,5180,0.0
10,47,5185,0.0
10,47,5195,0.0
10,47,5203,0.0
10,47,5243,0.0
10,47,5261,0.0
10,47,5282,0.0
10,47,5286,0.0
10,47,5301,0.75
10,47,5317,-0.75
10,47,5324,-0.25
10,47,5384,0.0
10,47,5386,0.0
10,47,5404,0.0
10,47,5422,0.0
10,47,5433,0.0
10,47,5435,0.75
10,47,5454,0.0
10,47,5462,0.75
10,47,5476,-0.75
10,47,5494,0.0
10,47,5511,0.75
10,47,5523,0.0
10,47,5529,0.0
10,47,5550,0.0
10,47,5551,0.0
10,47,5556,0.0
10,47,5564,0.5
10,47,5577,0.0
10,47,5597,-0.5
10,47,5599,0.0
10,47,5609,0.5
10,47,5612,0.0
10,47,5625,0.0
10,47,5657,0.0
10,47,5684,0.0
10,47,5711,0.0
10,47,5734,0.0
10,47,5788,-0.5
10,47,5794,0.0
10,47,5795,0.0
10,47,5816,0.0
10,47,5825,-0.5
10,47,5833,0.75
10,47,5834,0.5
10,47,5835,0.0
10,47,5858,0.0
10,47,5860,0.5
10,47,5902,-0.25
10,47,5903,0.0
10,47,5935,0.0
10,47,5992,-0.75
10,47,6002,0.0
10,47,6059,-0.25
10,47,6076,0.0
10,47,6109,0.0
10,47,6110,0.75
10,47,6117,0.0
10,47,6119,-0.5
10,47,6142,0.0
10,47,6191,0.0
10,47,6244,0.0
10,47,6273,0.0
10,47,6280,0.0
10,47,6406,0.0
10,47,6419,0.75
10,47,6424,0.0
10,47,6431,0.0
10,47,6459,0.0
10,47,6461,-0.5
10,47,6497,0.0
10,47,6518,0.75
10,47,6531,0.0
10,47,6577,0.0
10,47,6578,0.0
10,47,6579,0.0
10,47,6580,-0.75
10,47,6656,0.5
10,47,6659,0.0
10,47,6663,0.0
10,47,6717,0.0
10,47,6729,0.0
10,47,6737,0.0
10,47,6767,0.25
10,47,6777,0.0
10,47,6782,0.0
10,47,6792,0.0
10,47,6826,0.0
10,47,6837,0.0
10,47,6840,0.75
10,47,6850,0.75
10,47,6861,0.0
10,47,6911,0.0
10,47,6925,0.0
10,47,7001,0.0
10,47,7028,0.75
10,47,7037,0.75
10,47,7062,-0.75
10,47,7089,0.0
10,47,7108,-0.25
10,47,7127,0.0
10,47,7130,0.0
10,47,7171,0.0
10,47,7187,0.25
10,47,7204,0.0
10,47,7206,0.0
10,47,7245,0.0
10,47,7249,0.0
10,47,7274,0.0
10,47,7285,0.75
10,47,7287,-0.25
10,47,7339,-0.25
10,47,7369,0.0
10,47,7379,0.0
10,47,7414,0.0
10,47,7440,-0.5
30,47,5,0.75
30,47,21,0.0
30,47,27,-0.33333333333333337
30,47,67,0.16666666666666666
30,47,71,0.0
30,47,122,0.0
30,47,133,0.0
30,47,163,-0.16666666666666663
30,47,164,0.9166666666666666
30,47,172,0.0
30,47,177,0.0
30,47,185,0.0
30,47,189,0.0
30,47,195,0.0
30,47,220,-0.5833333333333333
30,47,241,0.0
30,47,260,0.0
30,47,264,0.0
30,47,272,0.0
30,47,295,0.0
30,47,355,0.3333333333333333
30,47,376,0.0
30,47,407,0.0
30,47,431,0.0
30,47,450,-0.16666666666666663
30,47,468,0.0
30,47,484,-0.16666666666666663
30,47,487,-0.5
30,47,511,0.0
30,47,518,-0.16666666666666663
30,47,525,0.0
30,47,529,0.3333333333333333
30,47,552,0.0
30,47,560,0.3333333333333333
30,47,594,0.4166666666666667
30,47,612,0.0
30,47,620,0.0
30,47,646,0.0
30,47,648,-0.16666666666666663
30,47,656,0.0
30,47,665,0.75
30,47,669,-0.75
30,47,676,0.9166666666666666
30,47,695,0.0
30,47,701,0.0
30,47,715,0.0
30,47,725,0.0
30,47,726,0.0
30,47,745,0.9166666666666666
30,47,751,0.75
30,47,773,0.0
30,47,802,0.5833333333333334
30,47,803,0.0
30,47,892,0.0
30,47,918,0.0
30,47,931,0.0
30,47,973,0.0
30,47,989,0.0
30,47,1022,0.0
30,47,1023,-0.16666666666666663
30,47,1034,0.0
30,47,1064,0.0
30,47,1072,0.0
30,47,1088,0.0
30,47,1095,0.4166666666666667
30,47,1097,0.0
30,47,1099,-0.16666666666666663
30,47,1123,-0.5833333333333333
30,47,1147,0.0
30,47,1157,0.75
30,47,1170,0.16666666666666666
30,47,1190,0.0
30,47,1206,0.0
30,47,1219,0.0
30,47,1249,0.16666666666666666
30,47,1288,0.0
30,47,1310,-0.5
30,47,1331,0.0
30,47,1353,0.0
30,47,1354,0.0
30,47,1356,-0.16666666666666663
30,47,1358,0.0
30,47,1379,-0.9166666666666666
30,47,1396,-0.75
30,47,1402,0.0
30,47,1424,0.0
30,47,1469,-0.5
30,47,1476,0.0
30,47,1499,0.0
30,47,1525,0.0
30,47,1548,0.5833333333333334
30,47,1564,0.0
30,47,1577,0.25
30,47,1609,0.0
30,47,1622,0.0
30,47,1662,0.5833333333333334
30,47,1681,0.0
30,47,1684,0.0
30,47,1689,0.16666666666666666
30,47,1746,0.3333333333333333
30,47,1779,0.0
30,47,1784,0.0
30,47,1794,0.0
30,47,1839,0.75
30,47,1859,0.0
30,47,1883,0.5833333333333334
30,47,1885,0.0
30,47,1980,0.0
30,47,1987,-0.41666666666666663
30,47,2019,0.0
30,47,2065,0.0
30,47,2088,0.0
30,47,2096,0.0
30,47,2193,0.16666666666666666
30,47,2227,0.0
30,47,2243,0.0
30,47,2248,0.0
30,47,2259,0.0
30,47,2289,-0.5
30,47,2295,0.0
30,47,2335,0.0
30,47,2340,0.5833333333333334
30,47,2398,0.0
30,47,2400,0.0
30,47,2432,0.0
30,47,2438,0.0
30,47,2445,0.0
30,47,2484,0.5833333333333334
30,47,2555,-0.5833333333333333
30,47,2578,0.0
30,47,2598,0.0
30,47,2600,0.0
30,47,2611,0.4166666666666667
30,47,2666,0.0
30,47,2672,0.0
30,47,2679,0.9166666666666666
30,47,2693,-0.16666666666666663
30,47,2716,0.0
30,47,2753,0.9166666666666666
30,47,2760,-0.16666666666666663
30,47,2771,0.9166666666666666
30,47,2787,0.4166666666666667
30,47,2789,-0.16666666666666663
30,47,2798,0.9166666666666666
30,47,2813,0.0
30,47,2824,0.0
30,47,2859,0.0
30,47,2894,0.0
30,47,2917,0.0
30,47,2942,0.0
30,47,2957,0.0
30,47,3030,0.0
30,47,3064,0.0
30,47,3084,-0.5833333333333333
30,47,3108,0.0
30,47,3121,0.0
30,47,3156,0.0
30,47,3219,0.9166666666666666
30,47,3220,-0.33333333333333337
30,47,3222,0.16666666666666666
30,47,3249,0.5833333333333334
30,47,3257,0.0
30,47,3326,0.0
30,47,3333,-0.33333333333333337
30,47,3335,0.0
30,47,3340,0.0
30,47,3380,-0.16666666666666663
30,47,3382,0.0
30,47,3385,0.0
30,47,3404,0.0
30,47,3405,-0.5
30,47,3424,0.0
30,47,3433,-0.16666666666666663
30,47,3442,0.0
30,47,3447,0.0
30,47,3454,0.0
30,47,3464,0.0
30,47,3499,0.5833333333333334
30,47,3560,0.0
30,47,3574,-0.9166666666666666
30,47,3584,0.0
30,47,3597,-0.16666666666666663
30,47,3600,0.75
30,47,3605,-0.9166666666666666
30,47,3621,0.0
30,47,3657,0.0
30,47,3662,0.0
30,47,3680,0.75
30,47,3684,0.0
30,47,3698,0.5833333333333334
30,47,3709,0.0
30,47,3718,-0.16666666666666663
30,47,3754,0.0
30,47,3769,-0.41666666666666663
30,47,3773,-0.5833333333333333
30,47,3796,0.0
30,47,3805,0.0
30,47,3815,0.4166666666666667
30,47,3820,0.0
30,47,3880,0.75
30,47,3915,0.0
30,47,3928,0.0
30,47,3945,0.5833333333333334
30,47,3969,0.3333333333333333
30,47,3978,0.0
30,47,4003,0.0
30,47,4007,-0.5833333333333333
30,47,4025,0.0
30,47,4075,0.9166666666666666
30,47,4083,0.9166666666666666
30,47,4157,0.3333333333333333
30,47,4163,0.0
30,47,4176,0.0
30,47,4186,0.16666666666666666
30,47,4192,0.0
30,47,4197,-0.16666666666666663
30,47,4209,0.0
30,47,4213,0.0
30,47,4231,-0.16666666666666663
30,47,4237,0.0
30,47,4256,0.0
30,47,4261,-0.16666666666666663
30,47,4263,0.0
30,47,4269,0.3333333333333333
30,47,4293,0.0
30,47,4300,0.0
30,47,4313,-0.25
30,47,4346,0.0
30,47,4349,-0.75
30,47,4365,0.16666666666666666
30,47,4394,-0.25
30,47,4404,0.0
30,47,4408,-0.16666666666666663
30,47,4411,0.0
30,47,4436,-0.16666666666666663
30,47,4441,0.3333333333333333
30,47,4442,0.9166666666666666
30,47,4446,0.5
30,47,4455,0.0
30,47,4480,0.0
30,47,4490,0.5833333333333334
30,47,4499,0.0
30,47,4501,0.0
30,47,4503,0.5833333333333334
30,47,4506,0.4166666666666667
30,47,4529,0.0
30,47,4561,-0.75
30,47,4568,-0.75
30,47,4569,0.0
30,47,4578,-0.9166666666666666
30,47,4591,-0.5833333333333333
30,47,4605,0.9166666666666666
30,47,4641,0.75
30,47,4664,-0.16666666666666663
30,47,4666,0.0
30,47,4678,0.9166666666666666
30,47,4686,0.0
30,47,4698,0.16666666666666666
30,47,4703,0.0
30,47,4704,0.25
30,47,4709,0.9166666666666666
30,47,4719,-0.25
30,47,4727,0.0
30,47,4744,-0.33333333333333337
30,47,4746,0.0
30,47,4770,0.0
30,47,4781,0.0
30,47,4813,-0.16666666666666663
30,47,4851,0.5
30,47,4858,-0.16666666666666663
30,47,4870,0.0
30,47,4911,-0.33333333333333337
30,47,4980,0.0
30,47,5002,0.0
30,47,5019,-0.9166666666666666
30,47,5061,0.0
30,47,5078,0.4166666666666667
30,47,5083,0.0
30,47,5095,0.0
30,47,5103,0.9166666666666666
30,47,5107,0.0
30,47,5115,0.5833333333333334
30,47,5146,-0.5833333333333333
30,47,5154,0.0
30,47,5180,-0.16666666666666663
30,47,5185,0.0
30,47,5195,0.0
30,47,5203,-0.16666666666666663
30,47,5243,0.0
30,47,5261,-0.16666666666666663
30,47,5282,0.0
30,47,5286,0.0
30,47,5301,0.9166666666666666
30,47,5317,-0.9166666666666666
30,47,5324,-0.16666666666666663
30,47,5384,0.0
30,47,5386,0.16666666666666666
30,47,5404,-0.25
30,47,5422,0.0
30,47,5433,0.0
30,47,5435,0.9166666666666666
30,47,5454,-0.16666666666666663
30,47,5462,0.9166666666666666
30,47,5476,-0.75
30,47,5494,-0.25
30,47,5511,0.75
30,47,5523,0.3333333333333333
30,47,5529,0.0
30,47,5550,-0.16666666666666663
30,47,5551,0.0
30,47,5556,0.0
30,47,5564,0.4166666666666667
30,47,5577,0.0
30,47,5597,-0.75
30,47,5599,0.16666666666666666
30,47,5609,0.16666666666666666
30,47,5612,0.0
30,47,5625,0.0
30,47,5657,-0.41666666666666663
30,47,5684,0.0
30,47,5711,0.0
30,47,5734,0.0
30,47,5788,-0.16666666666666663
30,47,5794,0.0
30,47,5795,0.0
30,47,5816,0.0
30,47,5825,-0.16666666666666663
30,47,5833,0.9166666666666666
30,47,5834,0.3333333333333333
30,47,5835,0.0
30,47,5858,0.0
30,47,5860,0.4166666666666667
30,47,5902,-0.75
30,47,5903,-0.16666666666666663
30,47,5935,0.16666666666666666
30,47,5992,-0.6666666666666667
30,47,6002,0.16666666666666666
30,47,6059,-0.5
30,47,6076,0.0
30,47,6109,0.0
30,47,6110,0.9166666666666666
30,47,6117,0.0
30,47,6119,-0.16666666666666663
30,47,6142,0.0
30,47,6191,0.0
30,47,6244,0.0
30,47,6273,0.0
30,47,6280,0.0
30,47,6406,0.0
30,47,6419,0.9166666666666666
30,47,6424,0.0
30,47,6431,0.0
30,47,6459,0.0
30,47,6461,-0.41666666666666663
30,47,6497,0.0
30,47,6518,0.9166666666666666
30,47,6531,0.25
30,47,6577,0.0
30,47,6578,-0.16666666666666663
30,47,6579,0.0
30,47,6580,-0.33333333333333337
30,47,6656,0.4166666666666667
30,47,6659,0.0
30,47,6663,-0.33333333333333337
30,47,6717,0.0
30,47,6729,0.0
30,47,6737,0.0
30,47,6767,0.3333333333333333
30,47,6777,0.0
30,47,6782,0.0
30,47,6792,0.0
30,47,6826,0.0
30,47,6837,-0.33333333333333337
30,47,6840,0.9166666666666666
30,47,6850,0.9166666666666666
30,47,6861,0.0
30,47,6911,0.0
30,47,6925,0.0
30,47,7001,0.0
30,47,7028,0.9166666666666666
30,47,7037,0.9166666666666666
30,47,7062,-0.33333333333333337
30,47,7089,0.0
30,47,7108,-0.16666666666666663
30,47,7127,0.0
30,47,7130,0.0
30,47,7171,-0.25
30,47,7187,0.75
30,47,7204,0.0
30,47,7206,0.0
30,47,7245,0.0
30,47,7249,0.0
30,47,7274,0.0
30,47,7285,0.9166666666666666
30,47,7287,-0.33333333333333337
30,47,7339,-0.5833333333333333
30,47,7369,0.0
30,47,7379,0.16666666666666666
30,47,7414,0.0
30,47,7440,-0.16666666666666663
10,73,5,0.5
10,73,21,0.0
10,73,27,-0.25
10,73,67,0.0
10,73,71,-0.75
10,73,122,-0.5
10,73,133,0.0
10,73,163,0.0
10,73,164,0.0
10,73,172,0.0
10,73,177,0.75
10,73,185,0.0
10,73,189,0.0
10,73,195,0.0
10,73,220,0.0
10,73,241,0.0
10,73,260,0.0
10,73,264,-0.75
10,73,272,0.75
10,73,295,0.0
10,73,355,0.5
10,73,376,0.0
10,73,407,-0.25
10,73,431,0.75
10,73,450,0.75
10,73,468,-0.75
10,73,484,-0.25
10,73,487,0.0
10,73,511,0.0
10,73,518,0.0
10,73,525,-0.75
10,73,529,0.0
10,73,552,0.0
10,73,560,0.0
10,73,594,0.0
10,73,612,0.0
10,73,620,0.0
10,73,646,0.0
10,73,648,0.75
10,73,656,0.0
10,73,665,0.75
10,73,669,0.0
10,73,676,0.75
10,73,695,0.0
10,73,701,0.0
10,73,715,0.0
10,73,725,0.0
10,73,726,0.0
10,73,745,0.0
10,73,751,0.0
10,73,773,0.0
10,73,802,0.0
10,73,803,0.0
10,73,892,0.0
10,73,918,0.75
10,73,931,0.75
10,73,973,0.0
10,73,989,0.0
10,73,1022,0.0
10,73,1023,0.75
10,73,1034,-0.25
10,73,1064,0.0
10,73,1072,0.0
10,73,1088,0.0
10,73,1095,0.0
10,73,1097,0.0
10,73,1099,0.75
10,73,1123,0.0
10,73,1147,0.0
10,73,1157,0.0
10,73,1170,0.0
10,73,1190,0.0
10,73,1206,0.75
10,73,1219,0.0
10,73,1249,0.0
10,73,1288,0.0
10,73,1310,0.0
10,73,1331,0.75
10,73,1353,0.0
10,73,1354,0.0
10,73,1356,0.0
10,73,1358,-0.25
10,73,1379,-0.25
10,73,1396,-0.75
10,73,1402,0.0
10,73,1424,0.25
10,73,1469,0.0
10,73,1476,0.0
10,73,1499,0.5
10,73,1525,0.5
10,73,1548,0.0
10,73,1564,0.0
10,73,1577,0.0
10,73,1609,0.0
10,73,1622,0.0
10,73,1662,-0.25
10,73,1681,0.0
10,73,1684,0.0
10,73,1689,0.0
10,73,1746,-0.25
10,73,1779,0.0
10,73,1784,0.0
10,73,1794,0.0
10,73,1839,0.0
10,73,1859,-0.25
10,73,1883,0.75
10,73,1885,-0.5
10,73,1980,0.0
10,73,1987,0.0
10,73,2019,0.0
10,73,2065,0.0
10,73,2088,0.0
10,73,2096,-0.75
10,73,2193,0.5
10,73,2227,0.0
10,73,2243,0.0
10,73,2248,0.0
10,73,2259,0.0
10,73,2289,0.5
10,73,2295,0.0
10,73,2335,-0.5
10,73,2340,0.0
10,73,2398,0.0
10,73,2400,0.0
10,73,2432,0.0
10,73,2438,0.0
10,73,2445,0.0
10,73,2484,0.0
10,73,2555,-0.5
10,73,2578,0.0
10,73,2598,0.0
10,73,2600,0.0
10,73,2611,0.0
10,73,2666,-0.5
10,73,2672,0.0
10,73,2679,0.0
10,73,2693,0.0
10,73,2716,0.75
10,73,2753,0.0
10,73,2760,-0.5
10,73,2771,0.0
10,73,2787,0.75
10,73,2789,0.0
10,73,2798,0.0
10,73,2813,0.0
10,73,2824,0.25
10,73,2859,0.0
10,73,2894,0.0
10,73,2917,0.0
10,73,2942,0.0
10,73,2957,0.0
10,73,3030,0.5
10,73,3064,0.0
10,73,3084,0.0
10,73,3108,0.75
10,73,3121,0.0
10,73,3156,0.0
10,73,3219,0.0
10,73,3220,0.0
10,73,3222,0.0
10,73,3249,0.75
10,73,3257,-0.25
10,73,3326,0.0
10,73,3333,-0.25
10,73,3335,0.0
10,73,3340,0.0
10,73,3380,0.25
10,73,3382,0.25
10,73,3385,0.0
10,73,3404,0.0
10,73,3405,0.0
10,73,3424,0.0
10,73,3433,0.0
10,73,3442,0.0
10,73,3447,0.0
10,73,3454,0.0
10,73,3464,0.75
10,73,3499,-0.25
10,73,3560,0.0
10,73,3574,0.5
10,73,3584,0.0
10,73,3597,0.0
10,73,3600,0.75
10,73,3605,-0.75
10,73,3621,0.5
10,73,3657,0.0
10,73,3662,0.0
10,73,3680,-0.25
10,73,3684,-0.25
10,73,3698,-0.75
10,73,3709,0.5
10,73,3718,-0.25
10,73,3754,0.75
10,73,3769,0.0
10,73,3773,-0.25
10,73,3796,0.0
10,73,3805,0.0
10,73,3815,0.0
10,73,3820,-0.25
10,73,3880,-0.75
10,73,3915,0.0
10,73,3928,0.0
10,73,3945,0.0
10,73,3969,0.5
10,73,3978,-0.5
10,73,4003,0.0
10,73,4007,0.5
10,73,4025,0.0
10,73,4075,0.0
10,73,4083,0.25
10,73,4157,0.75
10,73,4163,0.5
10,73,4176,0.5
10,73,4186,0.0
10,73,4192,0.0
10,73,4197,0.0
10,73,4209,0.0
10,73,4213,0.0
10,73,4231,0.0
10,73,4237,0.0
10,73,4256,0.0
10,73,4261,-0.25
10,73,4263,0.0
10,73,4269,-0.75
10,73,4293,0.25
10,73,4300,0.0
10,73,4313,0.0
10,73,4346,0.0
10,73,4349,0.0
10,73,4365,0.0
10,73,4394,0.0
10,73,4404,0.0
10,73,4408,0.0
10,73,4411,0.0
10,73,4436,-0.5
10,73,4441,0.0
10,73,4442,0.75
10,73,4446,0.5
10,73,4455,0.0
10,73,4480,-0.25
10,73,4490,0.5
10,73,4499,0.0
10,73,4501,-0.25
10,73,4503,0.0
10,73,4506,0.0
10,73,4529,-0.75
10,73,4561,0.0
10,73,4568,0.75
10,73,4569,0.25
10,73,4578,-0.75
10,73,4591,-0.25
10,73,4605,0.0
10,73,4641,0.75
10,73,4664,0.0
10,73,4666,-0.75
10,73,4678,0.5
10,73,4686,0.0
10,73,4698,0.0
10,73,4703,0.0
10,73,4704,0.0
10,73,4709,0.75
10,73,4719,0.5
10,73,4727,0.0
10,73,4744,-0.5
10,73,4746,0.0
10,73,4770,0.0
10,73,4781,0.0
10,73,4813,0.0
10,73,4851,0.0
10,73,4858,0.0
10,73,4870,0.75
10,73,4911,0.0
10,73,4980,0.0
10,73,5002,0.0
10,73,5019,-0.25
10,73,5061,0.75
10,73,5078,0.75
10,73,5083,0.0
10,73,5095,0.0
10,73,5103,0.75
10,73,5107,0.0
10,73,5115,0.0
10,73,5146,-0.75
10,73,5154,0.0
10,73,5180,0.0
10,73,5185,0.0
10,73,5195,0.0
10,73,5203,0.25
10,73,5243,0.0
10,73,5261,0.0
10,73,5282,0.25
10,73,5286,0.0
10,73,5301,-0.75
10,73,5317,0.0
10,73,5324,-0.25
10,73,5384,0.0
10,73,5386,0.5
10,73,5404,-0.25
10,73,5422,0.0
10,73,5433,0.0
10,73,5435,0.25
10,73,5454,0.0
10,73,5462,0.0
10,73,5476,-0.75
10,73,5494,-0.25
10,73,5511,-0.25
10,73,5523,0.25
10,73,5529,0.0
10,73,5550,0.0
10,73,5551,0.0
10,73,5556,0.0
10,73,5564,0.0
10,73,5577,0.0
10,73,5597,0.75
10,73,5599,0.0
10,73,5609,0.0
10,73,5612,0.0
10,73,5625,0.0
10,73,5657,0.0
10,73,5684,0.0
10,73,5711,-0.75
10,73,5734,0.0
10,73,5788,0.0
10,73,5794,0.0
10,73,5795,0.75
10,73,5816,0.5
10,73,5825,0.75
10,73,5833,-0.25
10,73,5834,0.5
10,73,5835,0.75
10,73,5858,0.0
10,73,5860,-0.25
10,73,5902,-0.75
10,73,5903,-0.25
10,73,5935,0.5
10,73,5992,0.0
10,73,6002,0.0
10,73,6059,0.0
10,73,6076,0.0
10,73,6109,0.0
10,73,6110,0.0
10,73,6117,0.0
10,73,6119,0.0
10,73,6142,-0.25
10,73,6191,0.0
10,73,6244,0.0
10,73,6273,0.0
10,73,6280,0.0
10,73,6406,0.0
10,73,6419,0.0
10,73,6424,0.0
10,73,6431,0.0
10,73,6459,0.0
10,73,6461,0.0
10,73,6497,0.0
10,73,6518,-0.25
10,73,6531,-0.75
10,73,6577,-0.25
10,73,6578,-0.25
10,73,6579,0.0
10,73,6580,-0.5
10,73,6656,0.0
10,73,6659,0.0
10,73,6663,0.0
10,73,6717,0.0
10,73,6729,0.0
10,73,6737,0.0
10,73,6767,0.0
10,73,6777,0.0
10,73,6782,0.0
10,73,6792,0.0
10,73,6826,-0.25
10,73,6837,-0.25
10,73,6840,0.0
10,73,6850,0.0
10,73,6861,0.0
10,73,6911,0.0
10,73,6925,0.25
10,73,7001,0.0
10,73,7028,0.75
10,73,7037,0.0
10,73,7062,-0.25
10,73,7089,-0.75
10,73,7108,0.0
10,73,7127,0.0
10,73,7130,0.0
10,73,7171,-0.5
10,73,7187,0.25
10,73,7204,0.0
10,73,7206,0.0
10,73,7245,0.5
10,73,7249,0.0
10,73,7274,-0.5
10,73,7285,0.0
10,73,7287,0.5
10,73,7339,-0.25
10,73,7369,0.0
10,73,7379,0.0
10,73,7414,0.0
10,73,7440,-0.25
30,73,5,0.75
30,73,21,0.0
30,73,27,-0.75
30,73,67,0.4166666666666667
30,73,71,-0.75
30,73,122,-0.16666666666666663
30,73,133,0.0
30,73,163,0.0
30,73,164,0.4166666666666667
30,73,172,0.0
30,73,177,0.9166666666666666
30,73,185,0.0
30,73,189,0.0
30,73,195,0.0
30,73,220,0.16666666666666666
30,73,241,0.0
30,73,260,0.0
30,73,264,-0.6666666666666667
30,73,272,0.9166666666666666
30,73,295,0.0
30,73,355,0.75
30,73,376,0.0
30,73,407,-0.16666666666666663
30,73,431,0.75
30,73,450,0.75
30,73,468,-0.6666666666666667
30,73,484,-0.41666666666666663
30,73,487,0.0
30,73,511,0.0
30,73,518,0.0
30,73,525,-0.75
30,73,529,0.0
30,73,552,0.0
30,73,560,0.0
30,73,594,0.0
30,73,612,0.0
30,73,620,-0.41666666666666663
30,73,646,0.0
30,73,648,0.75
30,73,656,0.0
30,73,665,0.9166666666666666
30,73,669,0.0
30,73,676,0.75
30,73,695,-0.41666666666666663
30,73,701,0.0
30,73,715,-0.16666666666666663
30,73,725,0.0
30,73,726,0.0
30,73,745,0.0
30,73,751,0.4166666666666667
30,73,773,0.0
30,73,802,-0.16666666666666663
30,73,803,0.0
30,73,892,0.0
30,73,918,0.9166666666666666
30,73,931,0.9166666666666666
30,73,973,0.0
30,73,989,0.0
30,73,1022,0.0
30,73,1023,0.5833333333333334
30,73,1034,-0.16666666666666663
30,73,1064,0.0
30,73,1072,0.0
30,73,1088,0.0
30,73,1095,-0.33333333333333337
30,73,1097,0.0
30,73,1099,0.5
30,73,1123,0.0
30,73,1147,0.0
30,73,1157,0.0
30,73,1170,0.0
30,73,1190,0.0
30,73,1206,0.9166666666666666
30,73,1219,0.0
30,73,1249,-0.5833333333333333
30,73,1288,0.0
30,73,1310,0.0
30,73,1331,0.9166666666666666
30,73,1353,0.0
30,73,1354,0.0
30,73,1356,0.0
30,73,1358,-0.33333333333333337
30,73,1379,-0.33333333333333337
30,73,1396,-0.75
30,73,1402,-0.16666666666666663
30,73,1424,0.16666666666666666
30,73,1469,0.3333333333333333
30,73,1476,0.0
30,73,1499,0.3333333333333333
30,73,1525,0.5833333333333334
30,73,1548,0.4166666666666667
30,73,1564,0.0
30,73,1577,0.0
30,73,1609,0.0
30,73,1622,0.0
30,73,1662,-0.5833333333333333
30,73,1681,0.0
30,73,1684,0.0
30,73,1689,0.0
30,73,1746,-0.75
30,73,1779,0.0
30,73,1784,0.0
30,73,1794,0.0
30,73,1839,0.4166666666666667
30,73,1859,-0.5833333333333333
30,73,1883,0.9166666666666666
30,73,1885,-0.33333333333333337
30,73,1980,0.0
30,73,1987,0.0
30,73,2019,0.0
30,73,2065,0.0
30,73,2088,-0.16666666666666663
30,73,2096,-0.75
30,73,2193,0.3333333333333333
30,73,2227,0.0
30,73,2243,0.0
30,73,2248,0.0
30,73,2259,0.0
30,73,2289,0.16666666666666666
30,73,2295,-0.16666666666666663
30,73,2335,-0.75
30,73,2340,0.16666666666666666
30,73,2398,0.0
30,73,2400,0.0
30,73,2432,0.0
30,73,2438,0.0
30,73,2445,-0.5833333333333333
30,73,2484,0.0
30,73,2555,-0.75
30,73,2578,0.0
30,73,2598,0.0
30,73,2600,0.0
30,73,2611,0.0
30,73,2666,-0.5833333333333333
30,73,2672,0.0
30,73,2679,0.0
30,73,2693,0.0
30,73,2716,0.9166666666666666
30,73,2753,0.0
30,73,2760,-0.5833333333333333
30,73,2771,0.0
30,73,2787,0.6666666666666666
30,73,2789,-0.16666666666666663
30,73,2798,-0.5833333333333333
30,73,2813,0.0
30,73,2824,0.5833333333333334
30,73,2859,-0.16666666666666663
30,73,2894,0.0
30,73,2917,0.0
30,73,2942,-0.16666666666666663
30,73,2957,0.0
30,73,3030,0.4166666666666667
30,73,3064,0.0
30,73,3084,-0.41666666666666663
30,73,3108,0.6666666666666666
30,73,3121,0.0
30,73,3156,0.0
30,73,3219,0.0
30,73,3220,-0.5833333333333333
30,73,3222,0.0
30,73,3249,0.6666666666666666
30,73,3257,-0.16666666666666663
30,73,3326,0.0
30,73,3333,-0.41666666666666663
30,73,3335,0.0
30,73,3340,0.0
30,73,3380,0.75
30,73,3382,0.75
30,73,3385,-0.16666666666666663
30,73,3404,-0.5833333333333333
30,73,3405,0.5833333333333334
30,73,3424,0.0
30,73,3433,0.0
30,73,3442,0.0
30,73,3447,0.0
30,73,3454,0.0
30,73,3464,0.9166666666666666
30,73,3499,-0.33333333333333337
30,73,3560,0.0
30,73,3574,0.16666666666666666
30,73,3584,0.0
30,73,3597,0.0
30,73,3600,0.9166666666666666
30,73,3605,-0.5833333333333333
30,73,3621,0.16666666666666666
30,73,3657,0.0
30,73,3662,0.0
30,73,3680,-0.16666666666666663
30,73,3684,-0.16666666666666663
30,73,3698,-0.6666666666666667
30,73,3709,0.75
30,73,3718,-0.16666666666666663
30,73,3754,0.9166666666666666
30,73,3769,-0.25
30,73,3773,-0.5833333333333333
30,73,3796,0.0
30,73,3805,0.0
30,73,3815,0.4166666666666667
30,73,3820,-0.16666666666666663
30,73,3880,-0.9166666666666666
30,73,3915,0.0
30,73,3928,0.0
30,73,3945,0.3333333333333333
30,73,3969,0.16666666666666666
30,73,3978,-0.41666666666666663
30,73,4003,0.0
30,73,4007,0.16666666666666666
30,73,4025,-0.25
30,73,4075,-0.25
30,73,4083,0.75
30,73,4157,0.9166666666666666
30,73,4163,0.5
30,73,4176,0.5833333333333334
30,73,4186,0.0
30,73,4192,-0.41666666666666663
30,73,4197,-0.16666666666666663
30,73,4209,-0.16666666666666663
30,73,4213,0.0
30,73,4231,-0.25
30,73,4237,-0.41666666666666663
30,73,4256,0.0
30,73,4261,-0.5833333333333333
30,73,4263,-0.41666666666666663
30,73,4269,-0.75
30,73,4293,0.75
30,73,4300,0.0
30,73,4313,0.0
30,73,4346,0.0
30,73,4349,-0.25
30,73,4365,0.0
30,73,4394,-0.16666666666666663
30,73,4404,0.0
30,73,4408,0.0
30,73,4411,0.0
30,73,4436,-0.16666666666666663
30,73,4441,0.5833333333333334
30,73,4442,0.9166666666666666
30,73,4446,0.5833333333333334
30,73,4455,0.0
30,73,4480,-0.33333333333333337
30,73,4490,0.5833333333333334
30,73,4499,0.0
30,73,4501,-0.16666666666666663
30,73,4503,-0.41666666666666663
30,73,4506,0.16666666666666666
30,73,4529,-0.9166666666666666
30,73,4561,0.0
30,73,4568,0.75
30,73,4569,0.16666666666666666
30,73,4578,-0.9166666666666666
30,73,4591,-0.16666666666666663
30,73,4605,0.0
30,73,4641,0.6666666666666666
30,73,4664,0.0
30,73,4666,-0.5
30,73,4678,0.75
30,73,4686,0.0
30,73,4698,0.0
30,73,4703,0.0
30,73,4704,0.0
30,73,4709,0.9166666666666666
30,73,4719,0.4166666666666667
30,73,4727,0.0
30,73,4744,-0.33333333333333337
30,73,4746,0.0
30,73,4770,0.0
30,73,4781,0.0
30,73,4813,-0.16666666666666663
30,73,4851,0.0
30,73,4858,0.5833333333333334
30,73,4870,0.9166666666666666
30,73,4911,-0.33333333333333337
30,73,4980,0.0
30,73,5002,0.0
30,73,5019,-0.75
30,73,5061,0.9166666666666666
30,73,5078,0.5833333333333334
30,73,5083,0.0
30,73,5095,-0.25
30,73,5103,0.9166666666666666
30,73,5107,-0.25
30,73,5115,-0.25
30,73,5146,-0.9166666666666666
30,73,5154,0.0
30,73,5180,0.0
30,73,5185,0.0
30,73,5195,0.0
30,73,5203,0.5833333333333334
30,73,5243,0.0
30,73,5261,0.0
30,73,5282,0.16666666666666666
30,73,5286,0.0
30,73,5301,-0.75
30,73,5317,0.0
30,73,5324,-0.16666666666666663
30,73,5384,0.0
30,73,5386,0.5833333333333334
30,73,5404,-0.16666666666666663
30,73,5422,0.0
30,73,5433,0.0
30,73,5435,0.16666666666666666
30,73,5454,0.0
30,73,5462,0.0
30,73,5476,-0.5
30,73,5494,-0.5833333333333333
30,73,5511,-0.5833333333333333
30,73,5523,0.16666666666666666
30,73,5529,0.0
30,73,5550,-0.25
30,73,5551,0.0
30,73,5556,0.0
30,73,5564,0.16666666666666666
30,73,5577,0.0
30,73,5597,0.5833333333333334
30,73,5599,-0.16666666666666663
30,73,5609,0.0
30,73,5612,0.5833333333333334
30,73,5625,0.0
30,73,5657,-0.41666666666666663
30,73,5684,0.0
30,73,5711,-0.9166666666666666
30,73,5734,0.0
30,73,5788,0.16666666666666666
30,73,5794,0.0
30,73,5795,0.5
30,73,5816,0.75
30,73,5825,0.6666666666666666
30,73,5833,-0.5833333333333333
30,73,5834,0.4166666666666667
30,73,5835,0.9166666666666666
30,73,5858,0.0
30,73,5860,-0.5833333333333333
30,73,5902,-0.9166666666666666
30,73,5903,-0.5833333333333333
30,73,5935,0.5833333333333334
30,73,5992,0.0
30,73,6002,0.3333333333333333
30,73,6059,-0.41666666666666663
30,73,6076,0.0
30,73,6109,0.0
30,73,6110,-0.16666666666666663
30,73,6117,0.0
30,73,6119,-0.5833333333333333
30,73,6142,-0.5
30,73,6191,-0.16666666666666663
30,73,6244,0.0
30,73,6273,0.0
30,73,6280,0.0
30,73,6406,0.0
30,73,6419,0.0
30,73,6424,0.0
30,73,6431,0.0
30,73,6459,0.0
30,73,6461,0.0
30,73,6497,0.0
30,73,6518,-0.41666666666666663
30,73,6531,-0.75
30,73,6577,-0.16666666666666663
30,73,6578,-0.5833333333333333
30,73,6579,0.0
30,73,6580,-0.5
30,73,6656,0.0
30,73,6659,0.0
30,73,6663,0.0
30,73,6717,0.0
30,73,6729,0.0
30,73,6737,0.0
30,73,6767,0.0
30,73,6777,0.0
30,73,6782,0.0
30,73,6792,0.0
30,73,6826,-0.41666666666666663
30,73,6837,-0.5833333333333333
30,73,6840,0.0
30,73,6850,0.4166666666666667
30,73,6861,0.0
30,73,6911,0.0
30,73,6925,0.5833333333333334
30,73,7001,0.0
30,73,7028,0.9166666666666666
30,73,7037,0.0
30,73,7062,-0.33333333333333337
30,73,7089,-0.75
30,73,7108,0.0
30,73,7127,0.0
30,73,7130,-0.16666666666666663
30,73,7171,-0.16666666666666663
30,73,7187,0.75
30,73,7204,0.0
30,73,7206,-0.33333333333333337
30,73,7245,0.75
30,73,7249,0.0
30,73,7274,-0.5833333333333333
30,73,7285,-0.41666666666666663
30,73,7287,0.4166666666666667
30,73,7339,-0.33333333333333337
30,73,7369,-0.25
30,73,7379,0.0
30,73,7414,-0.16666666666666663
30,73,7440,-0.41666666666666663
10,101,5,0.0
10,101,21,0.0
10,101,27,0.0
10,101,67,-0.75
10,101,71,0.0
10,101,122,0.0
10,101,133,0.0
10,101,163,0.0
10,101,164,0.0
10,101,172,0.0
10,101,177,0.0
10,101,185,0.0
10,101,189,0.0
10,101,195,0.0
10,101,220,0.75
10,101,241,0.0
10,101,260,0.75
10,101,264,0.25
10,101,272,0.0
10,101,295,0.0
10,101,355,0.0
10,101,376,0.0
10,101,407,0.75
10,101,431,0.25
10,101,450,0.5
10,101,468,-0.25
10,101,484,0.0
10,101,487,0.0
10,101,511,0.0
10,101,518,0.0
10,101,525,0.5
10,101,529,0.0
10,101,552,0.0
10,101,560,0.0
10,101,594,0.75
10,101,612,0.0
10,101,620,0.0
10,101,646,0.0
10,101,648,0.5
10,101,656,0.0
10,101,665,0.0
10,101,669,0.0
10,101,676,0.0
10,101,695,0.0
10,101,701,0.0
10,101,715,0.0
10,101,725,0.0
10,101,726,0.0
10,101,745,0.0
10,101,751,0.75
10,101,773,0.0
10,101,802,0.0
10,101,803,0.0
10,101,892,0.75
10,101,918,0.0
10,101,931,0.0
10,101,973,0.0
10,101,989,-0.25
10,101,1022,0.0
10,101,1023,0.25
10,101,1034,0.0
10,101,1064,0.0
10,101,1072,0.0
10,101,1088,0.0
10,101,1095,0.0
10,101,1097,0.0
10,101,1099,0.0
10,101,1123,0.0
10,101,1147,0.0
10,101,1157,0.0
10,101,1170,0.75
10,101,1190,0.0
10,101,1206,0.0
10,101,1219,0.0
10,101,1249,0.0
10,101,1288,0.0
10,101,1310,0.0
10,101,1331,0.0
10,101,1353,0.0
10,101,1354,0.0
10,101,1356,0.0
10,101,1358,0.0
10,101,1379,0.0
10,101,1396,0.0
10,101,1402,0.0
10,101,1424,0.0
10,101,1469,0.0
10,101,1476,0.0
10,101,1499,0.0
10,101,1525,0.0
10,101,1548,0.0
10,101,1564,-0.5
10,101,1577,0.0
10,101,1609,0.0
10,101,1622,0.0
10,101,1662,0.0
10,101,1681,0.0
10,101,1684,0.0
10,101,1689,0.0
10,101,1746,0.75
10,101,1779,0.0
10,101,1784,0.0
10,101,1794,0.0
10,101,1839,0.0
10,101,1859,0.0
10,101,1883,0.75
10,101,1885,0.0
10,101,1980,0.0
10,101,1987,0.0
10,101,2019,0.0
10,101,2065,0.0
10,101,2088,0.0
10,101,2096,0.0
10,101,2193,0.0
10,101,2227,0.0
10,101,2243,0.0
10,101,2248,0.0
10,101,2259,0.0
10,101,2289,-0.75
10,101,2295,0.0
10,101,2335,-0.5
10,101,2340,0.0
10,101,2398,0.0
10,101,2400,0.0
10,101,2432,0.0
10,101,2438,0.0
10,101,2445,0.0
10,101,2484,0.0
10,101,2555,0.0
10,101,2578,0.0
10,101,2598,0.0
10,101,2600,0.0
10,101,2611,0.5
10,101,2666,0.0
10,101,2672,0.0
10,101,2679,0.0
10,101,2693,0.0
10,101,2716,0.0
10,101,2753,0.0
10,101,2760,0.75
10,101,2771,0.0
10,101,2787,0.5
10,101,2789,0.0
10,101,2798,0.75
10,101,2813,0.75
10,101,2824,0.0
10,101,2859,0.0
10,101,2894,0.0
10,101,2917,0.0
10,101,2942,0.0
10,101,2957,0.0
10,101,3030,0.0
10,101,3064,0.0
10,101,3084,0.0
10,101,3108,0.0
10,101,3121,0.0
10,101,3156,0.0
10,101,3219,0.0
10,101,3220,0.75
10,101,3222,0.0
10,101,3249,0.0
10,101,3257,0.0
10,101,3326,0.0
10,101,3333,0.0
10,101,3335,0.0
10,101,3340,0.75
10,101,3380,0.0
10,101,3382,0.25
10,101,3385,0.0
10,101,3404,0.0
10,101,3405,0.0
10,101,3424,0.0
10,101,3433,0.75
10,101,3442,-0.25
10,101,3447,0.0
10,101,3454,0.75
10,101,3464,0.0
10,101,3499,0.75
10,101,3560,0.0
10,101,3574,0.5
10,101,3584,0.0
10,101,3597,0.0
10,101,3600,0.0
10,101,3605,0.75
10,101,3621,0.75
10,101,3657,0.0
10,101,3662,0.0
10,101,3680,0.0
10,101,3684,0.0
10,101,3698,-0.75
10,101,3709,0.0
10,101,3718,-0.75
10,101,3754,0.0
10,101,3769,0.0
10,101,3773,0.0
10,101,3796,0.0
10,101,3805,0.0
10,101,3815,0.0
10,101,3820,0.0
10,101,3880,0.0
10,101,3915,0.0
10,101,3928,-0.5
10,101,3945,0.25
10,101,3969,0.25
10,101,3978,0.0
10,101,4003,-0.25
10,101,4007,0.0
10,101,4025,0.0
10,101,4075,0.0
10,101,4083,0.0
10,101,4157,0.25
10,101,4163,-0.25
10,101,4176,0.0
10,101,4186,0.0
10,101,4192,0.0
10,101,4197,-0.25
10,101,4209,-0.5
10,101,4213,0.0
10,101,4231,0.0
10,101,4237,0.0
10,101,4256,0.0
10,101,4261,0.0
10,101,4263,0.0
10,101,4269,-0.75
10,101,4293,0.0
10,101,4300,0.0
10,101,4313,0.0
10,101,4346,0.0
10,101,4349,0.0
10,101,4365,0.0
10,101,4394,0.75
10,101,4404,-0.75
10,101,4408,0.5
10,101,4411,0.0
10,101,4436,0.75
10,101,4441,0.75
10,101,4442,0.75
10,101,4446,0.0
10,101,4455,0.0
10,101,4480,0.0
10,101,4490,-0.5
10,101,4499,0.0
10,101,4501,0.0
10,101,4503,0.75
10,101,4506,0.0
10,101,4529,0.0
10,101,4561,0.0
10,101,4568,-0.25
10,101,4569,0.0
10,101,4578,0.0
10,101,4591,0.0
10,101,4605,-0.5
10,101,4641,0.75
10,101,4664,0.25
10,101,4666,0.0
10,101,4678,0.0
10,101,4686,0.0
10,101,4698,0.25
10,101,4703,0.0
10,101,4704,0.0
10,101,4709,0.0
10,101,4719,0.75
10,101,4727,0.0
10,101,4744,0.5
10,101,4746,0.0
10,101,4770,0.0
10,101,4781,0.0
10,101,4813,-0.25
10,101,4851,0.0
10,101,4858,0.0
10,101,4870,0.75
10,101,4911,0.25
10,101,4980,0.0
10,101,5002,0.0
10,101,5019,0.0
10,101,5061,0.0
10,101,5078,-0.75
10,101,5083,0.0
10,101,5095,0.0
10,101,5103,0.0
10,101,5107,0.0
10,101,5115,0.75
10,101,5146,0.0
10,101,5154,0.0
10,101,5180,0.0
10,101,5185,0.0
10,101,5195,0.0
10,101,5203,0.0
10,101,5243,0.0
10,101,5261,0.0
10,101,5282,0.75
10,101,5286,-0.25
10,101,5301,0.0
10,101,5317,0.0
10,101,5324,0.0
10,101,5384,0.0
10,101,5386,-0.5
10,101,5404,0.0
10,101,5422,0.0
10,101,5433,0.0
10,101,5435,0.5
10,101,5454,0.0
10,101,5462,0.0
10,101,5476,0.0
10,101,5494,0.0
10,101,5511,-0.5
10,101,5523,0.25
10,101,5529,0.0
10,101,5550,0.0
10,101,5551,0.0
10,101,5556,-0.5
10,101,5564,0.0
10,101,5577,0.0
10,101,5597,0.0
10,101,5599,-0.5
10,101,5609,0.0
10,101,5612,0.0
10,101,5625,0.0
10,101,5657,0.0
10,101,5684,0.0
10,101,5711,0.0
10,101,5734,0.0
10,101,5788,0.0
10,101,5794,0.0
10,101,5795,0.0
10,101,5816,0.25
10,101,5825,0.0
10,101,5833,0.0
10,101,5834,0.75
10,101,5835,0.0
10,101,5858,0.0
10,101,5860,-0.25
10,101,5902,0.0
10,101,5903,0.0
10,101,5935,0.0
10,101,5992,0.5
10,101,6002,-0.25
10,101,6059,0.0
10,101,6076,0.0
10,101,6109,0.0
10,101,6110,0.0
10,101,6117,0.0
10,101,6119,0.0
10,101,6142,0.0
10,101,6191,0.0
10,101,6244,0.0
10,101,6273,0.0
10,101,6280,0.0
10,101,6406,0.0
10,101,6419,0.0
10,101,6424,0.0
10,101,6431,0.0
10,101,6459,0.0
10,101,6461,0.0
10,101,6497,0.0
10,101,6518,0.0
10,101,6531,0.75
10,101,6577,0.0
10,101,6578,0.0
10,101,6579,0.0
10,101,6580,0.0
10,101,6656,0.25
10,101,6659,0.0
10,101,6663,0.0
10,101,6717,0.25
10,101,6729,-0.5
10,101,6737,0.0
10,101,6767,0.0
10,101,6777,0.0
10,101,6782,0.0
10,101,6792,0.0
10,101,6826,0.0
10,101,6837,0.25
10,101,6840,0.0
10,101,6850,0.5
10,101,6861,0.0
10,101,6911,0.0
10,101,6925,-0.5
10,101,7001,0.0
10,101,7028,0.0
10,101,7037,0.0
10,101,7062,-0.5
10,101,7089,-0.75
10,101,7108,0.0
10,101,7127,0.0
10,101,7130,0.0
10,101,7171,0.0
10,101,7187,-0.5
10,101,7204,0.0
10,101,7206,0.0
10,101,7245,0.0
10,101,7249,0.0
10,101,7274,0.0
10,101,7285,0.5
10,101,7287,-0.75
10,101,7339,0.0
10,101,7369,0.0
10,101,7379,0.0
10,101,7414,0.0
10,101,7440,0.0
30,101,5,0.0
30,101,21,0.0
30,101,27,-0.33333333333333337
30,101,67,-0.5833333333333333
30,101,71,0.0
30,101,122,-0.16666666666666663
30,101,133,0.0
30,101,163,0.0
30,101,164,0.5833333333333334
30,101,172,0.0
30,101,177,-0.25
30,101,185,0.0
30,101,189,0.0
30,101,195,0.0
30,101,220,0.5833333333333334
30,101,241,0.0
30,101,260,0.9166666666666666
30,101,264,0.3333333333333333
30,101,272,0.0
30,101,295,0.0
30,101,355,0.0
30,101,376,0.0
30,101,407,0.75
30,101,431,0.5
30,101,450,0.75
30,101,468,-0.5833333333333333
30,101,484,0.0
30,101,487,-0.25
30,101,511,-0.25
30,101,518,-0.41666666666666663
30,101,525,0.5833333333333334
30,101,529,0.0
30,101,552,0.0
30,101,560,0.0
30,101,594,0.75
30,101,612,0.0
30,101,620,0.0
30,101,646,0.0
30,101,648,0.5
30,101,656,0.0
30,101,665,0.0
30,101,669,0.0
30,101,676,0.0
30,101,695,-0.16666666666666663
30,101,701,-0.16666666666666663
30,101,715,0.0
30,101,725,0.0
30,101,726,0.0
30,101,745,0.0
30,101,751,0.9166666666666666
30,101,773,0.0
30,101,802,-0.41666666666666663
30,101,803,0.0
30,101,892,0.9166666666666666
30,101,918,0.0
30,101,931,0.0
30,101,973,0.0
30,101,989,-0.16666666666666663
30,101,1022,0.0
30,101,1023,0.75
30,101,1034,-0.5833333333333333
30,101,1064,0.0
30,101,1072,0.0
30,101,1088,0.0
30,101,1095,-0.16666666666666663
30,101,1097,0.0
30,101,1099,0.0
30,101,1123,0.5833333333333334
30,101,1147,0.0
30,101,1157,-0.16666666666666663
30,101,1170,0.3333333333333333
30,101,1190,0.0
30,101,1206,0.0
30,101,1219,0.0
30,101,1249,-0.33333333333333337
30,101,1288,0.0
30,101,1310,-0.5833333333333333
30,101,1331,0.0
30,101,1353,0.0
30,101,1354,0.0
30,101,1356,0.0
30,101,1358,-0.25
30,101,1379,0.16666666666666666
30,101,1396,0.0
30,101,1402,-0.16666666666666663
30,101,1424,0.4166666666666667
30,101,1469,0.0
30,101,1476,0.0
30,101,1499,-0.16666666666666663
30,101,1525,0.0
30,101,1548,0.0
30,101,1564,-0.33333333333333337
30,101,1577,0.16666666666666666
30,101,1609,0.0
30,101,1622,-0.16666666666666663
30,101,1662,-0.41666666666666663
30,101,1681,0.0
30,101,1684,0.0
30,101,1689,0.0
30,101,1746,0.9166666666666666
30,101,1779,0.0
30,101,1784,0.0
30,101,1794,0.0
30,101,1839,-0.16666666666666663
30,101,1859,0.0
30,101,1883,0.5833333333333334
30,101,1885,0.0
30,101,1980,0.0
30,101,1987,0.0
30,101,2019,0.0
30,101,2065,0.0
30,101,2088,-0.5833333333333333
30,101,2096,0.0
30,101,2193,0.0
30,101,2227,0.0
30,101,2243,0.0
30,101,2248,0.0
30,101,2259,0.0
30,101,2289,-0.9166666666666666
30,101,2295,0.0
30,101,2335,-0.16666666666666663
30,101,2340,0.0
30,101,2398,0.0
30,101,2400,0.0
30,101,2432,0.0
30,101,2438,0.0
30,101,2445,0.0
30,101,2484,-0.16666666666666663
30,101,2555,0.4166666666666667
30,101,2578,0.0
30,101,2598,0.0
30,101,2600,0.0
30,101,2611,0.4166666666666667
30,101,2666,-0.16666666666666663
30,101,2672,0.0
30,101,2679,0.0
30,101,2693,-0.41666666666666663
30,101,2716,0.0
30,101,2753,0.0
30,101,2760,0.9166666666666666
30,101,2771,0.0
30,101,2787,0.75
30,101,2789,-0.16666666666666663
30,101,2798,0.75
30,101,2813,0.9166666666666666
30,101,2824,0.0
30,101,2859,0.0
30,101,2894,0.0
30,101,2917,0.0
30,101,2942,-0.16666666666666663
30,101,2957,0.0
30,101,3030,-0.16666666666666663
30,101,3064,0.0
30,101,3084,0.16666666666666666
30,101,3108,0.0
30,101,3121,0.5833333333333334
30,101,3156,0.0
30,101,3219,0.0
30,101,3220,0.75
30,101,3222,0.4166666666666667
30,101,3249,0.16666666666666666
30,101,3257,0.0
30,101,3326,0.0
30,101,3333,0.0
30,101,3335,0.0
30,101,3340,0.9166666666666666
30,101,3380,-0.16666666666666663
30,101,3382,0.75
30,101,3385,0.0
30,101,3404,0.0
30,101,3405,0.0
30,101,3424,0.0
30,101,3433,0.3333333333333333
30,101,3442,-0.16666666666666663
30,101,3447,-0.16666666666666663
30,101,3454,0.5
30,101,3464,0.0
30,101,3499,0.9166666666666666
30,101,3560,-0.16666666666666663
30,101,3574,0.4166666666666667
30,101,3584,-0.16666666666666663
30,101,3597,0.0
30,101,3600,-0.25
30,101,3605,0.6666666666666666
30,101,3621,0.9166666666666666
30,101,3657,0.0
30,101,3662,0.0
30,101,3680,0.0
30,101,3684,-0.25
30,101,3698,-0.9166666666666666
30,101,3709,0.0
30,101,3718,-0.33333333333333337
30,101,3754,0.0
30,101,3769,0.0
30,101,3773,0.25
30,101,3796,0.0
30,101,3805,0.0
30,101,3815,0.3333333333333333
30,101,3820,-0.25
30,101,3880,0.0
30,101,3915,0.0
30,101,3928,-0.16666666666666663
30,101,3945,0.75
30,101,3969,0.75
30,101,3978,-0.41666666666666663
30,101,4003,-0.16666666666666663
30,101,4007,-0.5833333333333333
30,101,4025,0.0
30,101,4075,0.0
30,101,4083,0.0
30,101,4157,0.5833333333333334
30,101,4163,-0.16666666666666663
30,101,4176,-0.16666666666666663
30,101,4186,0.0
30,101,4192,0.0
30,101,4197,-0.16666666666666663
30,101,4209,-0.33333333333333337
30,101,4213,-0.16666666666666663
30,101,4231,0.16666666666666666
30,101,4237,0.0
30,101,4256,0.0
30,101,4261,-0.25
30,101,4263,0.0
30,101,4269,-0.75
30,101,4293,0.16666666666666666
30,101,4300,0.0
30,101,4313,-0.16666666666666663
30,101,4346,0.0
30,101,4349,0.16666666666666666
30,101,4365,0.0
30,101,4394,0.75
30,101,4404,-0.9166666666666666
30,101,4408,0.16666666666666666
30,101,4411,0.0
30,101,4436,0.9166666666666666
30,101,4441,0.75
30,101,4442,0.75
30,101,4446,0.3333333333333333
30,101,4455,0.0
30,101,4480,-0.16666666666666663
30,101,4490,-0.16666666666666663
30,101,4499,0.0
30,101,4501,0.0
30,101,4503,0.9166666666666666
30,101,4506,-0.5833333333333333
30,101,4529,0.0
30,101,4561,0.0
30,101,4568,-0.5
30,101,4569,0.0
30,101,4578,0.4166666666666667
30,101,4591,0.0
30,101,4605,-0.16666666666666663
30,101,4641,0.75
30,101,4664,0.3333333333333333
30,101,4666,0.0
30,101,4678,0.0
30,101,4686,-0.16666666666666663
30,101,4698,0.5833333333333334
30,101,4703,0.16666666666666666
30,101,4704,0.0
30,101,4709,0.0
30,101,4719,0.75
30,101,4727,0.0
30,101,4744,0.5833333333333334
30,101,4746,0.0
30,101,4770,-0.16666666666666663
30,101,4781,0.0
30,101,4813,-0.16666666666666663
30,101,4851,0.4166666666666667
30,101,4858,0.0
30,101,4870,0.9166666666666666
30,101,4911,0.5
30,101,4980,0.0
30,101,5002,0.0
30,101,5019,0.0
30,101,5061,0.0
30,101,5078,-0.6666666666666667
30,101,5083,0.0
30,101,5095,0.0
30,101,5103,0.0
30,101,5107,0.0
30,101,5115,0.6666666666666666
30,101,5146,0.0
30,101,5154,0.0
30,101,5180,0.0
30,101,5185,0.0
30,101,5195,0.0
30,101,5203,0.0
30,101,5243,0.0
30,101,5261,-0.16666666666666663
30,101,5282,0.3333333333333333
30,101,5286,-0.33333333333333337
30,101,5301,0.16666666666666666
30,101,5317,0.0
30,101,5324,-0.16666666666666663
30,101,5384,0.0
30,101,5386,-0.41666666666666663
30,101,5404,0.0
30,101,5422,0.0
30,101,5433,0.0
30,101,5435,0.3333333333333333
30,101,5454,-0.16666666666666663
30,101,5462,0.0
30,101,5476,0.0
30,101,5494,0.0
30,101,5511,-0.16666666666666663
30,101,5523,0.75
30,101,5529,0.0
30,101,5550,0.0
30,101,5551,0.0
30,101,5556,-0.16666666666666663
30,101,5564,0.0
30,101,5577,0.0
30,101,5597,-0.41666666666666663
30,101,5599,-0.75
30,101,5609,0.16666666666666666
30,101,5612,0.0
30,101,5625,0.0
30,101,5657,0.0
30,101,5684,0.0
30,101,5711,-0.16666666666666663
30,101,5734,0.0
30,101,5788,0.0
30,101,5794,0.16666666666666666
30,101,5795,-0.5833333333333333
30,101,5816,0.16666666666666666
30,101,5825,0.0
30,101,5833,0.0
30,101,5834,0.75
30,101,5835,-0.16666666666666663
30,101,5858,0.0
30,101,5860,-0.33333333333333337
30,101,5902,-0.41666666666666663
30,101,5903,0.0
30,101,5935,-0.25
30,101,5992,0.5833333333333334
30,101,6002,-0.75
30,101,6059,-0.25
30,101,6076,-0.16666666666666663
30,101,6109,0.0
30,101,6110,-0.41666666666666663
30,101,6117,0.0
30,101,6119,-0.25
30,101,6142,0.0
30,101,6191,0.0
30,101,6244,0.0
30,101,6273,0.0
30,101,6280,0.0
30,101,6406,0.0
30,101,6419,0.0
30,101,6424,0.0
30,101,6431,0.0
30,101,6459,0.0
30,101,6461,0.0
30,101,6497,0.0
30,101,6518,-0.16666666666666663
30,101,6531,0.75
30,101,6577,0.0
30,101,6578,0.25
30,101,6579,0.0
30,101,6580,-0.41666666666666663
30,101,6656,0.5833333333333334
30,101,6659,0.0
30,101,6663,-0.41666666666666663
30,101,6717,0.5
30,101,6729,-0.16666666666666663
30,101,6737,0.0
30,101,6767,-0.41666666666666663
30,101,6777,0.0
30,101,6782,0.0
30,101,6792,0.0
30,101,6826,-0.16666666666666663
30,101,6837,0.16666666666666666
30,101,6840,0.0
30,101,6850,0.3333333333333333
30,101,6861,0.0
30,101,6911,0.0
30,101,6925,-0.16666666666666663
30,101,7001,0.0
30,101,7028,0.0
30,101,7037,-0.16666666666666663
30,101,7062,-0.16666666666666663
30,101,7089,-0.33333333333333337
30,101,7108,-0.16666666666666663
30,101,7127,0.0
30,101,7130,0.0
30,101,7171,0.0
30,101,7187,-0.16666666666666663
30,101,7204,0.0
30,101,7206,-0.16666666666666663
30,101,7245,0.0
30,101,7249,0.0
30,101,7274,0.0
30,101,7285,0.75
30,101,7287,-0.33333333333333337
30,101,7339,-0.33333333333333337
30,101,7369,0.0
30,101,7379,0.16666666666666666
30,101,7414,0.0
30,101,7440,0.0
10,127,5,0.0
10,127,21,0.0
10,127,27,0.75
10,127,67,0.5
10,127,71,0.0
10,127,122,0.0
10,127,133,0.0
10,127,163,0.0
10,127,164,0.75
10,127,172,0.0
10,127,177,0.0
10,127,185,0.0
10,127,189,0.0
10,127,195,0.0
10,127,220,0.0
10,127,241,0.0
10,127,260,0.0
10,127,264,-0.75
10,127,272,0.0
10,127,295,0.0
10,127,355,-0.25
10,127,376,0.0
10,127,407,0.75
10,127,431,0.25
10,127,450,0.75
10,127,468,0.0
10,127,484,0.0
10,127,487,0.75
10,127,511,0.0
10,127,518,0.0
10,127,525,0.25
10,127,529,0.0
10,127,552,0.0
10,127,560,0.0
10,127,594,-0.75
10,127,612,0.0
10,127,620,0.0
10,127,646,0.0
10,127,648,-0.25
10,127,656,0.0
10,127,665,0.0
10,127,669,-0.25
10,127,676,0.0
10,127,695,0.25
10,127,701,0.0
10,127,715,0.0
10,127,725,0.0
10,127,726,0.0
10,127,745,0.0
10,127,751,0.0
10,127,773,0.0
10,127,802,0.0
10,127,803,0.0
10,127,892,0.0
10,127,918,0.0
10,127,931,0.0
10,127,973,0.0
10,127,989,0.0
10,127,1022,0.0
10,127,1023,0.0
10,127,1034,0.0
10,127,1064,0.75
10,127,1072,0.0
10,127,1088,0.0
10,127,1095,0.0
10,127,1097,0.0
10,127,1099,0.0
10,127,1123,0.0
10,127,1147,0.0
10,127,1157,0.0
10,127,1170,0.0
10,127,1190,0.0
10,127,1206,0.0
10,127,1219,0.0
10,127,1249,-0.25
10,127,1288,0.0
10,127,1310,0.0
10,127,1331,0.0
10,127,1353,0.0
10,127,1354,0.0
10,127,1356,0.0
10,127,1358,0.0
10,127,1379,0.5
10,127,1396,-0.5
10,127,1402,0.0
10,127,1424,0.0
10,127,1469,0.0
10,127,1476,0.0
10,127,1499,0.0
10,127,1525,0.0
10,127,1548,-0.25
10,127,1564,-0.25
10,127,1577,0.0
10,127,1609,0.0
10,127,1622,0.0
10,127,1662,0.0
10,127,1681,0.0
10,127,1684,0.0
10,127,1689,0.0
10,127,1746,0.0
10,127,1779,0.0
10,127,1784,0.0
10,127,1794,0.0
10,127,1839,0.0
10,127,1859,0.0
10,127,1883,0.0
10,127,1885,0.0
10,127,1980,0.0
10,127,1987,0.0
10,127,2019,0.0
10,127,2065,0.0
10,127,2088,0.0
10,127,2096,0.0
10,127,2193,0.75
10,127,2227,0.0
10,127,2243,0.0
10,127,2248,0.0
10,127,2259,0.0
10,127,2289,0.0
10,127,2295,0.0
10,127,2335,0.0
10,127,2340,0.0
10,127,2398,0.0
10,127,2400,0.0
10,127,2432,0.0
10,127,2438,0.0
10,127,2445,0.0
10,127,2484,0.0
10,127,2555,0.5
10,127,2578,0.0
10,127,2598,0.0
10,127,2600,0.0
10,127,2611,0.75
10,127,2666,-0.75
10,127,2672,0.0
10,127,2679,0.0
10,127,2693,0.75
10,127,2716,0.0
10,127,2753,0.0
10,127,2760,0.0
10,127,2771,0.0
10,127,2787,0.25
10,127,2789,-0.5
10,127,2798,-0.5
10,127,2813,0.0
10,127,2824,-0.75
10,127,2859,0.0
10,127,2894,0.0
10,127,2917,0.0
10,127,2942,-0.5
10,127,2957,0.0
10,127,3030,0.0
10,127,3064,0.0
10,127,3084,0.75
10,127,3108,0.0
10,127,3121,0.0
10,127,3156,0.0
10,127,3219,0.0
10,127,3220,0.5
10,127,3222,0.25
10,127,3249,0.25
10,127,3257,0.0
10,127,3326,0.0
10,127,3333,0.0
10,127,3335,0.0
10,127,3340,0.0
10,127,3380,0.75
10,127,3382,0.25
10,127,3385,0.0
10,127,3404,0.0
10,127,3405,0.5
10,127,3424,0.0
10,127,3433,-0.25
10,127,3442,0.0
10,127,3447,0.0
10,127,3454,0.0
10,127,3464,0.0
10,127,3499,0.0
10,127,3560,0.0
10,127,3574,0.0
10,127,3584,0.0
10,127,3597,0.0
10,127,3600,0.75
10,127,3605,0.0
10,127,3621,0.0
10,127,3657,0.0
10,127,3662,0.0
10,127,3680,0.0
10,127,3684,0.0
10,127,3698,0.75
10,127,3709,-0.5
10,127,3718,0.0
10,127,3754,0.75
10,127,3769,0.0
10,127,3773,-0.25
10,127,3796,0.0
10,127,3805,0.0
10,127,3815,0.0
10,127,3820,0.0
10,127,3880,-0.75
10,127,3915,0.0
10,127,3928,-0.5
10,127,3945,0.0
10,127,3969,-0.25
10,127,3978,0.0
10,127,4003,0.0
10,127,4007,0.0
10,127,4025,0.0
10,127,4075,0.0
10,127,4083,0.0
10,127,4157,-0.75
10,127,4163,0.0
10,127,4176,-0.25
10,127,4186,0.0
10,127,4192,0.0
10,127,4197,0.0
10,127,4209,0.0
10,127,4213,0.0
10,127,4231,0.5
10,127,4237,0.0
10,127,4256,0.0
10,127,4261,0.0
10,127,4263,0.0
10,127,4269,0.0
10,127,4293,0.0
10,127,4300,0.0
10,127,4313,-0.5
10,127,4346,0.0
10,127,4349,0.25
10,127,4365,0.0
10,127,4394,0.75
10,127,4404,0.0
10,127,4408,0.0
10,127,4411,0.0
10,127,4436,0.0
10,127,4441,0.5
10,127,4442,0.0
10,127,4446,0.0
10,127,4455,0.0
10,127,4480,0.0
10,127,4490,-0.5
10,127,4499,0.0
10,127,4501,0.0
10,127,4503,0.75
10,127,4506,-0.25
10,127,4529,-0.75
10,127,4561,-0.25
10,127,4568,0.0
10,127,4569,0.0
10,127,4578,0.0
10,127,4591,0.5
10,127,4605,0.0
10,127,4641,0.75
10,127,4664,0.25
10,127,4666,0.0
10,127,4678,0.0
10,127,4686,0.0
10,127,4698,0.25
10,127,4703,-0.75
10,127,4704,0.0
10,127,4709,0.0
10,127,4719,0.75
10,127,4727,0.0
10,127,4744,-0.75
10,127,4746,0.0
10,127,4770,0.0
10,127,4781,0.0
10,127,4813,-0.25
10,127,4851,0.75
10,127,4858,0.0
10,127,4870,0.0
10,127,4911,0.0
10,127,4980,0.0
10,127,5002,0.0
10,127,5019,0.25
10,127,5061,0.0
10,127,5078,-0.75
10,127,5083,0.0
10,127,5095,0.0
10,127,5103,0.75
10,127,5107,0.0
10,127,5115,0.0
10,127,5146,-0.25
10,127,5154,0.0
10,127,5180,0.0
10,127,5185,0.0
10,127,5195,0.0
10,127,5203,0.25
10,127,5243,0.0
10,127,5261,0.25
10,127,5282,0.0
10,127,5286,0.0
10,127,5301,0.75
10,127,5317,0.0
10,127,5324,0.0
10,127,5384,0.0
10,127,5386,0.75
10,127,5404,0.0
10,127,5422,0.0
10,127,5433,-0.5
10,127,5435,0.0
10,127,5454,0.0
10,127,5462,0.0
10,127,5476,0.0
10,127,5494,0.0
10,127,5511,-0.5
10,127,5523,0.0
10,127,5529,0.0
10,127,5550,0.0
10,127,5551,0.0
10,127,5556,0.0
10,127,5564,0.0
10,127,5577,0.25
10,127,5597,0.0
10,127,5599,0.0
10,127,5609,0.0
10,127,5612,0.75
10,127,5625,0.75
10,127,5657,0.0
10,127,5684,0.0
10,127,5711,0.0
10,127,5734,0.0
10,127,5788,0.5
10,127,5794,0.0
10,127,5795,0.0
10,127,5816,0.5
10,127,5825,0.0
10,127,5833,0.0
10,127,5834,-0.75
10,127,5835,0.0
10,127,5858,0.0
10,127,5860,-0.25
10,127,5902,-0.25
10,127,5903,0.0
10,127,5935,-0.25
10,127,5992,0.5
10,127,6002,0.0
10,127,6059,-0.25
10,127,6076,0.0
10,127,6109,0.0
10,127,6110,0.75
10,127,6117,0.0
10,127,6119,0.0
10,127,6142,-0.5
10,127,6191,0.0
10,127,6244,0.75
10,127,6273,0.0
10,127,6280,0.0
10,127,6406,0.0
10,127,6419,0.0
10,127,6424,0.0
10,127,6431,0.0
10,127,6459,0.0
10,127,6461,0.0
10,127,6497,0.0
10,127,6518,0.0
10,127,6531,-0.5
10,127,6577,0.0
10,127,6578,-0.5
10,127,6579,0.0
10,127,6580,0.0
10,127,6656,-0.25
10,127,6659,0.0
10,127,6663,0.0
10,127,6717,0.5
10,127,6729,0.0
10,127,6737,0.0
10,127,6767,0.0
10,127,6777,0.0
10,127,6782,0.0
10,127,6792,0.0
10,127,6826,0.0
10,127,6837,0.75
10,127,6840,0.75
10,127,6850,0.0
10,127,6861,0.0
10,127,6911,0.0
10,127,6925,0.0
10,127,7001,0.0
10,127,7028,0.0
10,127,7037,0.75
10,127,7062,0.0
10,127,7089,-0.25
10,127,7108,-0.5
10,127,7127,0.0
10,127,7130,0.0
10,127,7171,0.0
10,127,7187,0.0
10,127,7204,0.0
10,127,7206,-0.25
10,127,7245,0.0
10,127,7249,0.0
10,127,7274,-0.75
10,127,7285,0.0
10,127,7287,0.0
10,127,7339,0.0
10,127,7369,0.0
10,127,7379,0.25
10,127,7414,0.0
10,127,7440,-0.25
30,127,5,-0.16666666666666663
30,127,21,0.0
30,127,27,0.75
30,127,67,0.5
30,127,71,0.0
30,127,122,0.0
30,127,133,0.0
30,127,163,0.0
30,127,164,0.9166666666666666
30,127,172,0.0
30,127,177,0.0
30,127,185,0.0
30,127,189,0.0
30,127,195,0.0
30,127,220,0.0
30,127,241,0.0
30,127,260,0.0
30,127,264,-0.9166666666666666
30,127,272,0.0
30,127,295,0.0
30,127,355,-0.75
30,127,376,0.0
30,127,407,0.9166666666666666
30,127,431,0.3333333333333333
30,127,450,0.9166666666666666
30,127,468,0.5833333333333334
30,127,484,0.0
30,127,487,0.75
30,127,511,0.0
30,127,518,0.0
30,127,525,0.16666666666666666
30,127,529,0.0
30,127,552,0.0
30,127,560,0.0
30,127,594,-0.33333333333333337
30,127,612,0.0
30,127,620,0.0
30,127,646,0.0
30,127,648,-0.5833333333333333
30,127,656,0.0
30,127,665,0.0
30,127,669,-0.5833333333333333
30,127,676,-0.16666666666666663
30,127,695,0.75
30,127,701,0.0
30,127,715,-0.25
30,127,725,0.0
30,127,726,0.0
30,127,745,0.0
30,127,751,0.5833333333333334
30,127,773,0.0
30,127,802,0.0
30,127,803,0.0
30,127,892,0.0
30,127,918,0.0
30,127,931,0.0
30,127,973,0.0
30,127,989,0.0
30,127,1022,0.0
30,127,1023,0.0
30,127,1034,0.0
30,127,1064,0.9166666666666666
30,127,1072,0.0
30,127,1088,0.0
30,127,1095,-0.16666666666666663
30,127,1097,0.0
30,127,1099,0.0
30,127,1123,0.0
30,127,1147,0.0
30,127,1157,-0.16666666666666663
30,127,1170,0.16666666666666666
30,127,1190,0.0
30,127,1206,0.0
30,127,1219,0.0
30,127,1249,-0.5
30,127,1288,0.0
30,127,1310,-0.16666666666666663
30,127,1331,0.0
30,127,1353,0.0
30,127,1354,0.0
30,127,1356,0.0
30,127,1358,0.0
30,127,1379,0.16666666666666666
30,127,1396,-0.41666666666666663
30,127,1402,-0.16666666666666663
30,127,1424,0.3333333333333333
30,127,1469,0.0
30,127,1476,0.0
30,127,1499,-0.16666666666666663
30,127,1525,0.0
30,127,1548,-0.33333333333333337
30,127,1564,-0.16666666666666663
30,127,1577,0.0
30,127,1609,0.0
30,127,1622,0.0
30,127,1662,0.0
30,127,1681,-0.25
30,127,1684,0.0
30,127,1689,0.0
30,127,1746,0.0
30,127,1779,0.0
30,127,1784,0.0
30,127,1794,0.0
30,127,1839,0.0
30,127,1859,-0.16666666666666663
30,127,1883,0.0
30,127,1885,0.0
30,127,1980,0.0
30,127,1987,0.0
30,127,2019,0.0
30,127,2065,0.0
30,127,2088,-0.5833333333333333
30,127,2096,0.0
30,127,2193,0.3333333333333333
30,127,2227,0.0
30,127,2243,0.0
30,127,2248,0.0
30,127,2259,0.0
30,127,2289,-0.41666666666666663
30,127,2295,0.0
30,127,2335,0.0
30,127,2340,0.16666666666666666
30,127,2398,0.0
30,127,2400,0.0
30,127,2432,-0.16666666666666663
30,127,2438,0.0
30,127,2445,-0.16666666666666663
30,127,2484,0.0
30,127,2555,0.16666666666666666
30,127,2578,0.0
30,127,2598,0.0
30,127,2600,0.0
30,127,2611,0.75
30,127,2666,-0.33333333333333337
30,127,2672,0.0
30,127,2679,0.0
30,127,2693,0.9166666666666666
30,127,2716,0.0
30,127,2753,0.0
30,127,2760,0.16666666666666666
30,127,2771,0.0
30,127,2787,0.16666666666666666
30,127,2789,-0.33333333333333337
30,127,2798,-0.33333333333333337
30,127,2813,0.0
30,127,2824,-0.33333333333333337
30,127,2859,0.0
30,127,2894,0.0
30,127,2917,0.0
30,127,2942,-0.5833333333333333
30,127,2957,0.0
30,127,3030,0.0
30,127,3064,-0.25
30,127,3084,0.3333333333333333
30,127,3108,0.0
30,127,3121,0.0
30,127,3156,0.0
30,127,3219,0.0
30,127,3220,0.75
30,127,3222,0.75
30,127,3249,0.75
30,127,3257,0.0
30,127,3326,0.0
30,127,3333,0.0
30,127,3335,0.0
30,127,3340,0.0
30,127,3380,0.9166666666666666
30,127,3382,0.75
30,127,3385,0.0
30,127,3404,0.0
30,127,3405,0.75
30,127,3424,0.0
30,127,3433,-0.5
30,127,3442,0.0
30,127,3447,0.0
30,127,3454,0.0
30,127,3464,0.0
30,127,3499,0.4166666666666667
30,127,3560,0.0
30,127,3574,0.0
30,127,3584,0.0
30,127,3597,0.0
30,127,3600,0.9166666666666666
30,127,3605,-0.5833333333333333
30,127,3621,0.0
30,127,3657,0.0
30,127,3662,0.0
30,127,3680,0.0
30,127,3684,0.0
30,127,3698,0.9166666666666666
30,127,3709,-0.16666666666666663
30,127,3718,-0.41666666666666663
30,127,3754,0.9166666666666666
30,127,3769,0.0
30,127,3773,-0.16666666666666663
30,127,3796,0.0
30,127,3805,0.0
30,127,3815,-0.16666666666666663
30,127,3820,0.0
30,127,3880,-0.33333333333333337
30,127,3915,-0.16666666666666663
30,127,3928,-0.16666666666666663
30,127,3945,-0.16666666666666663
30,127,3969,-0.33333333333333337
30,127,3978,-0.16666666666666663
30,127,4003,0.0
30,127,4007,-0.16666666666666663
30,127,4025,0.0
30,127,4075,0.0
30,127,4083,0.0
30,127,4157,-0.9166666666666666
30,127,4163,-0.16666666666666663
30,127,4176,-0.33333333333333337
30,127,4186,0.16666666666666666
30,127,4192,0.0
30,127,4197,0.0
30,127,4209,0.0
30,127,4213,0.0
30,127,4231,0.5833333333333334
30,127,4237,0.4166666666666667
30,127,4256,0.0
30,127,4261,0.0
30,127,4263,0.0
30,127,4269,0.16666666666666666
30,127,4293,-0.33333333333333337
30,127,4300,0.0
30,127,4313,-0.41666666666666663
30,127,4346,0.0
30,127,4349,0.5833333333333334
30,127,4365,0.0
30,127,4394,0.9166666666666666
30,127,4404,-0.25
30,127,4408,0.0
30,127,4411,0.0
30,127,4436,0.0
30,127,4441,0.16666666666666666
30,127,4442,0.0
30,127,4446,0.0
30,127,4455,0.0
30,127,4480,-0.33333333333333337
30,127,4490,-0.41666666666666663
30,127,4499,0.0
30,127,4501,0.0
30,127,4503,0.9166666666666666
30,127,4506,-0.33333333333333337
30,127,4529,-0.75
30,127,4561,-0.75
30,127,4568,0.4166666666666667
30,127,4569,0.0
30,127,4578,0.0
30,127,4591,0.5833333333333334
30,127,4605,0.0
30,127,4641,0.75
30,127,4664,0.75
30,127,4666,0.0
30,127,4678,0.0
30,127,4686,0.0
30,127,4698,0.3333333333333333
30,127,4703,-0.9166666666666666
30,127,4704,0.25
30,127,4709,0.0
30,127,4719,0.9166666666666666
30,127,4727,0.0
30,127,4744,-0.5
30,127,4746,0.0
30,127,4770,0.0
30,127,4781,0.0
30,127,4813,-0.75
30,127,4851,0.3333333333333333
30,127,4858,0.0
30,127,4870,0.0
30,127,4911,-0.16666666666666663
30,127,4980,0.0
30,127,5002,0.0
30,127,5019,0.16666666666666666
30,127,5061,0.0
30,127,5078,-0.9166666666666666
30,127,5083,0.0
30,127,5095,0.0
30,127,5103,0.9166666666666666
30,127,5107,0.0
30,127,5115,0.0
30,127,5146,-0.75
30,127,5154,0.0
30,127,5180,0.0
30,127,5185,0.0
30,127,5195,0.0
30,127,5203,0.75
30,127,5243,0.0
30,127,5261,0.75
30,127,5282,0.3333333333333333
30,127,5286,0.0
30,127,5301,0.9166666666666666
30,127,5317,0.0
30,127,5324,0.0
30,127,5384,0.0
30,127,5386,0.9166666666666666
30,127,5404,-0.33333333333333337
30,127,5422,0.0
30,127,5433,-0.16666666666666663
30,127,5435,0.0
30,127,5454,0.0
30,127,5462,0.0
30,127,5476,-0.5833333333333333
30,127,5494,-0.41666666666666663
30,127,5511,-0.33333333333333337
30,127,5523,0.0
30,127,5529,0.0
30,127,5550,0.0
30,127,5551,0.0
30,127,5556,0.0
30,127,5564,0.3333333333333333
30,127,5577,0.5833333333333334
30,127,5597,-0.5833333333333333
30,127,5599,-0.5833333333333333
30,127,5609,0.25
30,127,5612,0.9166666666666666
30,127,5625,0.9166666666666666
30,127,5657,0.0
30,127,5684,0.0
30,127,5711,0.0
30,127,5734,0.0
30,127,5788,0.5
30,127,5794,0.0
30,127,5795,0.0
30,127,5816,0.5
30,127,5825,0.0
30,127,5833,0.0
30,127,5834,-0.75
30,127,5835,0.0
30,127,5858,0.0
30,127,5860,-0.41666666666666663
30,127,5902,-0.75
30,127,5903,0.0
30,127,5935,-0.5
30,127,5992,0.5833333333333334
30,127,6002,0.16666666666666666
30,127,6059,-0.16666666666666663
30,127,6076,0.0
30,127,6109,0.0
30,127,6110,0.9166666666666666
30,127,6117,-0.16666666666666663
30,127,6119,-0.16666666666666663
30,127,6142,-0.33333333333333337
30,127,6191,0.0
30,127,6244,0.9166666666666666
30,127,6273,0.0
30,127,6280,0.0
30,127,6406,0.0
30,127,6419,0.0
30,127,6424,0.0
30,127,6431,0.0
30,127,6459,0.0
30,127,6461,0.0
30,127,6497,0.0
30,127,6518,0.0
30,127,6531,-0.16666666666666663
30,127,6577,0.0
30,127,6578,-0.33333333333333337
30,127,6579,0.0
30,127,6580,-0.16666666666666663
30,127,6656,-0.33333333333333337
30,127,6659,0.0
30,127,6663,0.0
30,127,6717,0.16666666666666666
30,127,6729,0.0
30,127,6737,0.0
30,127,6767,0.4166666666666667
30,127,6777,0.0
30,127,6782,0.0
30,127,6792,0.0
30,127,6826,0.0
30,127,6837,0.9166666666666666
30,127,6840,0.9166666666666666
30,127,6850,0.0
30,127,6861,0.0
30,127,6911,0.0
30,127,6925,0.0
30,127,7001,0.0
30,127,7028,0.0
30,127,7037,0.9166666666666666
30,127,7062,0.0
30,127,7089,-0.5833333333333333
30,127,7108,-0.41666666666666663
30,127,7127,0.0
30,127,7130,0.0
30,127,7171,-0.41666666666666663
30,127,7187,0.0
30,127,7204,0.0
30,127,7206,-0.75
30,127,7245,0.0
30,127,7249,0.0
30,127,7274,-0.6666666666666667
30,127,7285,0.0
30,127,7287,0.16666666666666666
30,127,7339,0.0
30,127,7369,0.0
30,127,7379,0.3333333333333333
30,127,7414,0.0
30,127,7440,-0.16666666666666663
