run_id,snapshot_last_task,evidence_status,official_test_used,cell,task_ids,method_family,trainer_method,S,B,U,planned_rollouts,n_seeds,seeds,mean_extracted_auc,mean_extracted_final,mean_strict_auc,mean_strict_final,mean_natural_eos_final,mean_pass8_final,mean_late_peak_drop_pp,mean_accelerator_hours,seed31_extracted_auc,seed31_extracted_final,seed31_strict_auc,seed31_strict_final,seed31_pass8_final,seed47_extracted_auc,seed47_extracted_final,seed47_strict_auc,seed47_strict_final,seed47_pass8_final,seed73_extracted_auc,seed73_extracted_final,seed73_strict_auc,seed73_strict_final,seed73_pass8_final,se_extracted_auc,mean_extracted_auc_delta_pp,mean_final_extracted_delta_pp,mean_pass8_delta_pp,positive_auc_seeds,passes_all_gates
f31c2a6e,489,validated_complete_three_seed_cell,False,CTRL-base,1|2|3,base,base,,,,0,3,31|47|73,0.7366666667,0.7366666667,0.6516666667,0.6516666667,0.9608333333,0.9433333333,0,0.1089814815,0.7625,0.7625,0.7325,0.7325,0.95,0.715,0.715,0.645,0.645,0.92,0.7325,0.7325,0.5775,0.5775,0.96,0.01386943081,0,0,0,0,
f31c2a6e,489,validated_complete_three_seed_cell,False,VIN-S8-B4-U1,4|5|6,VIN,AC-ALG1,8,4,1,1024,3,31|47|73,0.7531119792,0.7675,0.7023828125,0.7525,0.9766666667,0.9533333333,0,0.4550740741,0.7698046875,0.7775,0.749453125,0.77,0.93,0.7271875,0.7425,0.6758984375,0.7175,0.96,0.76234375,0.7825,0.681796875,0.77,0.97,0.01313995639,1.64453125,3.083333333,1,3,True
f31c2a6e,489,validated_complete_three_seed_cell,False,VIN-S8-B4-U2,7|8|9,VIN,AC-ALG1,8,4,2,1024,3,31|47|73,0.7645052083,0.7716666667,0.7277213542,0.7625,0.9908333333,0.9533333333,1.833333333,0.4772222222,0.758203125,0.7275,0.74359375,0.7225,0.95,0.7393359375,0.75,0.7050390625,0.7375,0.96,0.7959765625,0.8375,0.73453125,0.8275,0.95,0.01665159943,2.783854167,3.5,1,2,True
f31c2a6e,489,validated_complete_three_seed_cell,False,VIN-S8-B4-U4,10|11|12,VIN,AC-ALG1,8,4,4,1024,3,31|47|73,0.7453125,0.6725,0.7216015625,0.6675,0.9925,0.85,11.08333333,0.4915,0.7162890625,0.6275,0.7037890625,0.6225,0.85,0.7113671875,0.5775,0.6871875,0.575,0.74,0.80828125,0.8125,0.773828125,0.805,0.96,0.03151641805,0.8645833333,-6.416666667,-9.333333333,1,False
f31c2a6e,489,validated_complete_three_seed_cell,False,VIN-S8-B8-U1,13|14|15,VIN,AC-ALG1,8,8,1,2048,3,31|47|73,0.7604166667,0.7741666667,0.7170703125,0.7558333333,0.9783333333,0.97,0.6666666667,0.5578888889,0.770078125,0.7775,0.7481640625,0.765,0.96,0.7308984375,0.74,0.686484375,0.715,0.97,0.7802734375,0.805,0.7165625,0.7875,0.98,0.01504970087,2.375,3.75,2.666666667,3,True
f31c2a6e,489,validated_complete_three_seed_cell,False,VIN-S8-B8-U2,16|17|18,VIN,AC-ALG1,8,8,2,2048,3,31|47|73,0.7559375,0.7541666667,0.72921875,0.745,0.995,0.9433333333,1.916666667,0.6059444444,0.758984375,0.735,0.74171875,0.725,0.92,0.7373828125,0.7425,0.709453125,0.73,0.96,0.7714453125,0.785,0.736484375,0.78,0.95,0.009950310917,1.927083333,1.75,0,2,True
f31c2a6e,489,validated_complete_three_seed_cell,False,VIN-S8-B8-U4,19|20|21,VIN,AC-ALG1,8,8,4,2048,3,31|47|73,0.7305338542,0.6525,0.7123046875,0.6441666667,0.9925,0.8266666667,12.58333333,0.7742037037,0.69421875,0.625,0.68453125,0.6175,0.82,0.7325,0.66,0.714375,0.6575,0.81,0.7648828125,0.6725,0.7380078125,0.6575,0.85,0.02042263229,-0.61328125,-8.416666667,-11.66666667,2,False
f31c2a6e,489,validated_complete_three_seed_cell,False,VIN-S8-B16-U1,22|23|24,VIN,AC-ALG1,8,16,1,4096,3,31|47|73,0.7552864583,0.7675,0.7182942708,0.7566666667,0.9783333333,0.9666666667,0.6666666667,0.8174722222,0.769765625,0.765,0.7511328125,0.76,0.95,0.7258984375,0.755,0.68609375,0.7375,0.97,0.7701953125,0.7825,0.71765625,0.7725,0.98,0.01469453395,1.861979167,3.083333333,2.333333333,3,True
f31c2a6e,489,validated_complete_three_seed_cell,False,VIN-S8-B16-U2,25|26|27,VIN,AC-ALG1,8,16,2,4096,3,31|47|73,0.7574348958,0.7366666667,0.7323307292,0.7316666667,0.9891666667,0.9366666667,3.5,0.8305555556,0.771328125,0.7775,0.7529296875,0.77,0.97,0.7291796875,0.6925,0.7023046875,0.6875,0.89,0.771796875,0.74,0.7417578125,0.7375,0.95,0.01412825219,2.076822917,0,-0.6666666667,3,False
f31c2a6e,489,validated_complete_three_seed_cell,False,VIN-S8-B16-U4,28|29|30,VIN,AC-ALG1,8,16,4,4096,3,31|47|73,0.7156510417,0.6716666667,0.700234375,0.665,0.9958333333,0.86,8.5,1.018935185,0.688828125,0.6475,0.678671875,0.6425,0.85,0.7126953125,0.65,0.6956640625,0.645,0.88,0.7454296875,0.7175,0.7263671875,0.7075,0.85,0.01640616216,-2.1015625,-6.5,-8.333333333,1,False
f31c2a6e,489,validated_complete_three_seed_cell,False,VIN-S16-B4-U1,31|32|33,VIN,AC-ALG1,16,4,1,2048,3,31|47|73,0.7523697917,0.765,0.7059375,0.7475,0.9783333333,0.95,0.3333333333,0.6059166667,0.7748828125,0.7725,0.7562890625,0.7625,0.94,0.7232421875,0.745,0.676484375,0.72,0.95,0.758984375,0.7775,0.6850390625,0.76,0.96,0.01526982943,1.5703125,2.833333333,0.6666666667,3,True
f31c2a6e,489,validated_complete_three_seed_cell,False,VIN-S16-B4-U2,34|35|36,VIN,AC-ALG1,16,4,2,2048,3,31|47|73,0.7575390625,0.7733333333,0.7223828125,0.7608333333,0.99,0.95,1.166666667,0.5815740741,0.77359375,0.75,0.758671875,0.7375,0.95,0.7220703125,0.7275,0.679765625,0.715,0.93,0.776953125,0.8425,0.7287109375,0.83,0.97,0.0177608701,2.087239583,3.666666667,0.6666666667,3,True
f31c2a6e,489,validated_complete_three_seed_cell,False,VIN-S16-B4-U4,37|38|39,VIN,AC-ALG1,16,4,4,2048,3,31|47|73,0.7116536458,0.6283333333,0.6917447917,0.625,0.9991666667,0.7866666667,13.91666667,0.7442592593,0.6920703125,0.5675,0.6790234375,0.5675,0.74,0.6871875,0.6275,0.664921875,0.6225,0.81,0.755703125,0.69,0.7312890625,0.685,0.81,0.02206979781,-2.501302083,-10.83333333,-15.66666667,1,False
f31c2a6e,489,validated_complete_three_seed_cell,False,VIN-S16-B8-U1,40|41|42,VIN,AC-ALG1,16,8,1,4096,3,31|47|73,0.7535286458,0.7641666667,0.7087890625,0.7516666667,0.9841666667,0.96,0.3333333333,0.9158981481,0.7748046875,0.77,0.7583984375,0.7625,0.94,0.724375,0.7375,0.6798046875,0.72,0.96,0.76140625,0.785,0.6881640625,0.7725,0.98,0.01508123371,1.686197917,2.75,1.666666667,3,True
f31c2a6e,489,validated_complete_three_seed_cell,False,VIN-S16-B8-U2,43|44|45,VIN,AC-ALG1,16,8,2,4096,3,31|47|73,0.760390625,0.7675,0.7284244792,0.76,0.99,0.9566666667,1.333333333,0.8862037037,0.77609375,0.79,0.760859375,0.785,0.97,0.7176171875,0.705,0.6876171875,0.695,0.92,0.7874609375,0.8075,0.736796875,0.8,0.98,0.02163699343,2.372395833,3.083333333,1.333333333,3,True
f31c2a6e,489,validated_complete_three_seed_cell,False,VIN-S16-B8-U4,46|47|48,VIN,AC-ALG1,16,8,4,4096,3,31|47|73,0.7112890625,0.5841666667,0.6898177083,0.5783333333,0.9916666667,0.8033333333,18.41666667,1.081259259,0.7511328125,0.56,0.7390234375,0.545,0.79,0.6865234375,0.6075,0.6671875,0.6075,0.78,0.6962109375,0.585,0.6632421875,0.5825,0.84,0.02011720014,-2.537760417,-15.25,-14,0,False
f31c2a6e,489,validated_complete_three_seed_cell,False,VIN-S16-B16-U1,49|50|51,VIN,AC-ALG1,16,16,1,8192,3,31|47|73,0.7583854167,0.7616666667,0.7221614583,0.7516666667,0.9841666667,0.9566666667,2,1.446962963,0.7767578125,0.735,0.7583984375,0.73,0.95,0.73171875,0.74,0.6912109375,0.72,0.94,0.7666796875,0.81,0.716875,0.805,0.98,0.01364704466,2.171875,2.5,1.333333333,3,True
f31c2a6e,489,validated_complete_three_seed_cell,False,VIN-S16-B16-U2,52|53|54,VIN,AC-ALG1,16,16,2,8192,3,31|47|73,0.740234375,0.665,0.7163020833,0.6541666667,0.9916666667,0.89,11.33333333,1.437509259,0.733515625,0.625,0.7212109375,0.605,0.88,0.7135546875,0.6175,0.684609375,0.61,0.82,0.7736328125,0.7525,0.7430859375,0.7475,0.97,0.0176654227,0.3567708333,-7.166666667,-5.333333333,1,False
f31c2a6e,489,validated_complete_three_seed_cell,False,VIN-S16-B16-U4,55|56|57,VIN,AC-ALG1,16,16,4,8192,3,31|47|73,0.7175390625,0.6766666667,0.7034635417,0.6708333333,0.9966666667,0.8166666667,9.416666667,1.626990741,0.6994140625,0.655,0.690234375,0.645,0.82,0.69328125,0.6275,0.677578125,0.62,0.76,0.759921875,0.7475,0.742578125,0.7475,0.87,0.0212652294,-1.912760417,-6,-12.66666667,1,False
f31c2a6e,489,validated_complete_three_seed_cell,False,VIN-S32-B4-U1,58|59|60,VIN,AC-ALG1,32,4,1,4096,3,31|47|73,0.7533072917,0.7633333333,0.7066276042,0.75,0.9783333333,0.9633333333,0.8333333333,0.8162777778,0.7670703125,0.7775,0.739609375,0.765,0.99,0.727265625,0.745,0.6702734375,0.72,0.95,0.7655859375,0.7675,0.71,0.765,0.95,0.01302788221,1.6640625,2.666666667,2,3,True
f31c2a6e,489,validated_complete_three_seed_cell,False,VIN-S32-B4-U2,61|62|63,VIN,AC-ALG1,32,4,2,4096,3,31|47|73,0.7523958333,0.7325,0.7279947917,0.7275,0.9883333333,0.9533333333,4.333333333,0.8870555556,0.7470703125,0.71,0.734609375,0.705,0.94,0.742734375,0.7375,0.7130078125,0.7325,0.96,0.7673828125,0.75,0.7363671875,0.745,0.96,0.007597307569,1.572916667,-0.4166666667,1,2,False
f31c2a6e,489,validated_complete_three_seed_cell,False,VIN-S32-B4-U4,64|65|66,VIN,AC-ALG1,32,4,4,4096,3,31|47|73,0.7086067708,0.6325,0.6888802083,0.6241666667,0.9933333333,0.8,13.16666667,0.9437222222,0.7048828125,0.6175,0.6896484375,0.61,0.79,0.6584765625,0.575,0.6360546875,0.57,0.74,0.7624609375,0.705,0.7409375,0.6925,0.87,0.0300753967,-2.805989583,-10.41666667,-14.33333333,1,False
f31c2a6e,489,validated_complete_three_seed_cell,False,VIN-S32-B8-U1,67|68|69,VIN,AC-ALG1,32,8,1,8192,3,31|47|73,0.7571614583,0.7741666667,0.7111197917,0.7616666667,0.9841666667,0.95,0.1666666667,1.228814815,0.76171875,0.76,0.739609375,0.755,0.95,0.73171875,0.75,0.683515625,0.7325,0.95,0.778046875,0.8125,0.710234375,0.7975,0.95,0.01356650866,2.049479167,3.75,0.6666666667,2,True
f31c2a6e,489,validated_complete_three_seed_cell,False,VIN-S32-B8-U2,70|71|72,VIN,AC-ALG1,32,8,2,8192,3,31|47|73,0.749609375,0.7141666667,0.7246354167,0.7075,0.9908333333,0.9266666667,6,1.316018519,0.731875,0.63,0.712890625,0.6225,0.88,0.7531640625,0.7725,0.7253125,0.765,0.96,0.7637890625,0.74,0.735703125,0.735,0.94,0.009382673726,1.294270833,-2.25,-1.666666667,2,False
f31c2a6e,489,validated_complete_three_seed_cell,False,VIN-S32-B8-U4,73|74|75,VIN,AC-ALG1,32,8,4,8192,3,31|47|73,0.6988020833,0.6441666667,0.6790104167,0.6308333333,0.9875,0.82,10.75,1.511203704,0.6847265625,0.62,0.6636328125,0.6025,0.86,0.6626953125,0.6075,0.6412890625,0.5925,0.83,0.748984375,0.705,0.732109375,0.6975,0.77,0.02588462086,-3.786458333,-9.25,-12.33333333,1,False
f31c2a6e,489,validated_complete_three_seed_cell,False,VIN-S32-B16-U1,76|77|78,VIN,AC-ALG1,32,16,1,16384,3,31|47|73,0.7505598958,0.7508333333,0.7133333333,0.7416666667,0.9841666667,0.96,1,2.230731481,0.7629296875,0.7375,0.74421875,0.725,0.93,0.726171875,0.74,0.678515625,0.73,0.98,0.762578125,0.775,0.717265625,0.77,0.97,0.01219443273,1.389322917,1.416666667,1.666666667,3,True
f31c2a6e,489,validated_complete_three_seed_cell,False,VIN-S32-B16-U2,79|80|81,VIN,AC-ALG1,32,16,2,16384,3,31|47|73,0.7413020833,0.6741666667,0.7180598958,0.6666666667,0.9908333333,0.8566666667,10.16666667,2.425944444,0.727578125,0.6225,0.70953125,0.6125,0.79,0.7289453125,0.665,0.6995703125,0.6575,0.86,0.7673828125,0.735,0.745078125,0.73,0.92,0.0130463357,0.4635416667,-6.25,-8.666666667,2,False
f31c2a6e,489,validated_complete_three_seed_cell,False,VIN-S32-B16-U4,82|83|84,VIN,AC-ALG1,32,16,4,16384,3,31|47|73,0.702890625,0.6633333333,0.6874088542,0.66,0.9966666667,0.8466666667,8.916666667,2.706518519,0.67703125,0.6525,0.664296875,0.6525,0.91,0.68640625,0.6325,0.667265625,0.63,0.83,0.745234375,0.705,0.7306640625,0.6975,0.8,0.02134414462,-3.377604167,-7.333333333,-9.666666667,1,False
f31c2a6e,489,validated_complete_three_seed_cell,False,VOUT-S8-B4-U1,85|86|87,VOUT,AC-ALG1,8,4,1,1024,3,31|47|73,0.7503515625,0.7558333333,0.7033854167,0.7383333333,0.9766666667,0.9433333333,0.75,0.4666018519,0.773359375,0.765,0.7464453125,0.75,0.96,0.7207421875,0.715,0.671640625,0.6875,0.93,0.756953125,0.7875,0.6920703125,0.7775,0.94,0.01554378306,1.368489583,1.916666667,0,3,True
f31c2a6e,489,validated_complete_three_seed_cell,False,VOUT-S8-B4-U2,88|89|90,VOUT,AC-ALG1,8,4,2,1024,3,31|47|73,0.7506510417,0.7541666667,0.7098958333,0.7433333333,0.9775,0.9566666667,1,0.6014722222,0.7534765625,0.7375,0.7335546875,0.73,0.96,0.72421875,0.73,0.6758203125,0.72,0.96,0.7742578125,0.795,0.7203125,0.78,0.95,0.01451395443,1.3984375,1.75,1.333333333,2,True
f31c2a6e,489,validated_complete_three_seed_cell,False,VOUT-S8-B4-U4,91|92|93,VOUT,AC-ALG1,8,4,4,1024,3,31|47|73,0.7306901042,0.6391666667,0.7032161458,0.6291666667,0.9883333333,0.8133333333,14,0.4433703704,0.721796875,0.65,0.7072265625,0.6425,0.82,0.6969140625,0.565,0.6711328125,0.5475,0.77,0.773359375,0.7025,0.7312890625,0.6975,0.85,0.02251139411,-0.59765625,-9.75,-13,1,False
f31c2a6e,489,validated_complete_three_seed_cell,False,VOUT-S8-B8-U1,94|95|96,VOUT,AC-ALG1,8,8,1,2048,3,31|47|73,0.7556119792,0.785,0.7095442708,0.77,0.9825,0.9433333333,0,0.5418611111,0.7712109375,0.7975,0.7482421875,0.785,0.96,0.722578125,0.74,0.679765625,0.72,0.92,0.773046875,0.8175,0.700625,0.805,0.95,0.01652542796,1.89453125,4.833333333,0,3,True
f31c2a6e,489,validated_complete_three_seed_cell,False,VOUT-S8-B8-U2,97|98|99,VOUT,AC-ALG1,8,8,2,2048,3,31|47|73,0.7634765625,0.7766666667,0.7328255208,0.7683333333,0.9941666667,0.9633333333,1.333333333,0.5453703704,0.765546875,0.77,0.748515625,0.76,0.96,0.7344921875,0.77,0.7015625,0.7575,0.96,0.790390625,0.79,0.7483984375,0.7875,0.97,0.01616965753,2.680989583,4,2,3,True
f31c2a6e,489,validated_complete_three_seed_cell,False,VOUT-S8-B8-U4,100|101|102,VOUT,AC-ALG1,8,8,4,2048,3,31|47|73,0.7164192708,0.6241666667,0.6958723958,0.6191666667,0.9966666667,0.8266666667,15.16666667,0.5901944444,0.704453125,0.6575,0.6849609375,0.6525,0.87,0.684765625,0.585,0.666484375,0.5825,0.76,0.7600390625,0.63,0.736171875,0.6225,0.85,0.02253822,-2.024739583,-11.25,-11.66666667,1,False
f31c2a6e,489,validated_complete_three_seed_cell,False,VOUT-S8-B16-U1,103|104|105,VOUT,AC-ALG1,8,16,1,4096,3,31|47|73,0.7515104167,0.7683333333,0.7154427083,0.7575,0.9833333333,0.9366666667,0.5,0.7450277778,0.76390625,0.77,0.7459765625,0.7625,0.92,0.722734375,0.7475,0.679765625,0.7275,0.93,0.767890625,0.7875,0.7205859375,0.7825,0.96,0.01443392118,1.484375,3.166666667,-0.6666666667,3,True
f31c2a6e,489,validated_complete_three_seed_cell,False,VOUT-S8-B16-U2,106|107|108,VOUT,AC-ALG1,8,16,2,4096,3,31|47|73,0.7394401042,0.6775,0.7173177083,0.6683333333,0.985,0.8833333333,8.666666667,0.775212963,0.7303515625,0.65,0.7172265625,0.6375,0.84,0.7141015625,0.64,0.688515625,0.6275,0.89,0.7738671875,0.7425,0.7462109375,0.74,0.92,0.01784127868,0.27734375,-5.916666667,-6,1,False
f31c2a6e,489,validated_complete_three_seed_cell,False,VOUT-S8-B16-U4,109|110|111,VOUT,AC-ALG1,8,16,4,4096,3,31|47|73,0.7281901042,0.6733333333,0.7086328125,0.6683333333,0.995,0.8466666667,10.08333333,0.8247222222,0.703125,0.655,0.6841796875,0.65,0.87,0.7230078125,0.7,0.7049609375,0.695,0.87,0.7584375,0.665,0.7367578125,0.66,0.8,0.01617621994,-0.84765625,-6.333333333,-9.666666667,2,False
f31c2a6e,489,validated_complete_three_seed_cell,False,VOUT-S16-B4-U1,112|113|114,VOUT,AC-ALG1,16,4,1,2048,3,31|47|73,0.7495572917,0.75,0.6953255208,0.7266666667,0.98,0.9533333333,0.5833333333,0.5297314815,0.7661328125,0.755,0.7359375,0.73,0.94,0.724609375,0.7275,0.6609765625,0.6975,0.95,0.7579296875,0.7675,0.6890625,0.7525,0.97,0.01269674137,1.2890625,1.333333333,1,3,True
f31c2a6e,489,validated_complete_three_seed_cell,False,VOUT-S16-B4-U2,115|116|117,VOUT,AC-ALG1,16,4,2,2048,3,31|47|73,0.7563802083,0.7533333333,0.7219010417,0.7416666667,0.9858333333,0.95,2.75,0.5586574074,0.76703125,0.755,0.7544140625,0.735,0.97,0.724375,0.69,0.688828125,0.6825,0.94,0.777734375,0.815,0.7224609375,0.8075,0.94,0.01629815165,1.971354167,1.666666667,0.6666666667,3,True
f31c2a6e,489,validated_complete_three_seed_cell,False,VOUT-S16-B4-U4,118|119|120,VOUT,AC-ALG1,16,4,4,2048,3,31|47|73,0.7058723958,0.6183333333,0.6782161458,0.6108333333,0.9908333333,0.83,14.58333333,0.56175,0.68984375,0.595,0.669765625,0.59,0.83,0.65984375,0.575,0.6325,0.57,0.81,0.7679296875,0.685,0.7323828125,0.6725,0.85,0.03221454427,-3.079427083,-11.83333333,-11.33333333,1,False
f31c2a6e,489,validated_complete_three_seed_cell,False,VOUT-S16-B8-U1,121|122|123,VOUT,AC-ALG1,16,8,1,4096,3,31|47|73,0.7535546875,0.765,0.7156380208,0.7516666667,0.9825,0.9533333333,0,0.7842407407,0.7786328125,0.7875,0.759765625,0.775,0.96,0.7228125,0.7275,0.678984375,0.71,0.97,0.75921875,0.78,0.7081640625,0.77,0.93,0.01636090895,1.688802083,2.833333333,1,3,True
f31c2a6e,489,validated_complete_three_seed_cell,False,VOUT-S16-B8-U2,124|125|126,VOUT,AC-ALG1,16,8,2,4096,3,31|47|73,0.7640234375,0.7791666667,0.7325260417,0.7708333333,0.9891666667,0.9666666667,0.6666666667,0.8017592593,0.777734375,0.79,0.759375,0.7825,0.96,0.7496484375,0.7675,0.7142578125,0.76,0.96,0.7646875,0.78,0.7239453125,0.77,0.98,0.008114507698,2.735677083,4.25,2.333333333,3,True
f31c2a6e,489,validated_complete_three_seed_cell,False,VOUT-S16-B8-U4,127|128|129,VOUT,AC-ALG1,16,8,4,4096,3,31|47|73,0.7340364583,0.6725,0.7156770833,0.6675,0.9966666667,0.83,11.08333333,0.852962963,0.7299609375,0.6825,0.7173828125,0.675,0.81,0.707421875,0.6325,0.6912109375,0.6325,0.83,0.7647265625,0.7025,0.7384375,0.695,0.85,0.01666747536,-0.2630208333,-6.416666667,-11.33333333,1,False
f31c2a6e,489,validated_complete_three_seed_cell,False,VOUT-S16-B16-U1,130|131|132,VOUT,AC-ALG1,16,16,1,8192,3,31|47|73,0.7512239583,0.7558333333,0.7147786458,0.7466666667,0.9891666667,0.95,1.666666667,1.152425926,0.7659375,0.7325,0.748515625,0.7275,0.95,0.7262890625,0.75,0.6833984375,0.7375,0.95,0.7614453125,0.785,0.712421875,0.775,0.95,0.01253470794,1.455729167,1.916666667,0.6666666667,3,True
f31c2a6e,489,validated_complete_three_seed_cell,False,VOUT-S16-B16-U2,133|134|135,VOUT,AC-ALG1,16,16,2,8192,3,31|47|73,0.73765625,0.6816666667,0.7130078125,0.675,0.9925,0.8733333333,8.75,1.188138889,0.7319921875,0.61,0.7141796875,0.6025,0.8,0.71328125,0.6925,0.6872265625,0.6875,0.86,0.7676953125,0.7425,0.7376171875,0.735,0.96,0.01596124215,0.09895833333,-5.5,-7,1,False
f31c2a6e,489,validated_complete_three_seed_cell,False,VOUT-S16-B16-U4,136|137|138,VOUT,AC-ALG1,16,16,4,8192,3,31|47|73,0.7115494792,0.6666666667,0.6952604167,0.6641666667,0.9958333333,0.8566666667,8.666666667,1.366212963,0.69,0.6375,0.679765625,0.635,0.84,0.7048828125,0.6425,0.688203125,0.6425,0.84,0.739765625,0.72,0.7178125,0.715,0.89,0.0147477421,-2.51171875,-7,-8.666666667,1,False
f31c2a6e,489,validated_complete_three_seed_cell,False,VOUT-S32-B4-U1,139|140|141,VOUT,AC-ALG1,32,4,1,4096,3,31|47|73,0.7500651042,0.76,0.705703125,0.7475,0.98,0.9633333333,0.6666666667,0.7683055556,0.76734375,0.7625,0.7425390625,0.7525,0.97,0.7207421875,0.7375,0.6664453125,0.7125,0.96,0.762109375,0.78,0.708125,0.7775,0.96,0.01473911747,1.33984375,2.333333333,2,3,True
f31c2a6e,489,validated_complete_three_seed_cell,False,VOUT-S32-B4-U2,142|143|144,VOUT,AC-ALG1,32,4,2,4096,3,31|47|73,0.7542447917,0.7241666667,0.7265755208,0.7183333333,0.9883333333,0.9466666667,5.666666667,0.7640740741,0.7523828125,0.71,0.7401171875,0.7075,0.95,0.7376171875,0.705,0.70203125,0.695,0.93,0.772734375,0.7575,0.737578125,0.7525,0.96,0.01018011852,1.7578125,-1.25,0.3333333333,2,False
f31c2a6e,489,validated_complete_three_seed_cell,False,VOUT-S32-B4-U4,145|146|147,VOUT,AC-ALG1,32,4,4,4096,3,31|47|73,0.7296354167,0.6641666667,0.7052994792,0.6558333333,0.9975,0.8466666667,10,0.7783240741,0.6958984375,0.625,0.6736328125,0.615,0.81,0.7185546875,0.665,0.696328125,0.66,0.83,0.774453125,0.7025,0.7459375,0.6925,0.9,0.02334378326,-0.703125,-7.25,-9.666666667,2,False
f31c2a6e,489,validated_complete_three_seed_cell,False,VOUT-S32-B8-U1,148|149|150,VOUT,AC-ALG1,32,8,1,8192,3,31|47|73,0.7525,0.7441666667,0.7160807292,0.7358333333,0.9808333333,0.95,2.25,1.127175926,0.772578125,0.745,0.753671875,0.7375,0.95,0.72171875,0.7075,0.6779296875,0.695,0.95,0.763203125,0.78,0.716640625,0.775,0.95,0.01562675771,1.583333333,0.75,0.6666666667,3,True
f31c2a6e,489,validated_complete_three_seed_cell,False,VOUT-S32-B8-U2,151|152|153,VOUT,AC-ALG1,32,8,2,8192,3,31|47|73,0.7408203125,0.6841666667,0.7132161458,0.6775,0.9908333333,0.9133333333,8.083333333,1.22012963,0.7599609375,0.6975,0.743828125,0.69,0.91,0.6896875,0.6025,0.65515625,0.6,0.86,0.7728125,0.7525,0.7406640625,0.7425,0.97,0.02583417665,0.4153645833,-5.25,-3,1,False
f31c2a6e,489,validated_complete_three_seed_cell,False,VOUT-S32-B8-U4,154|155|156,VOUT,AC-ALG1,32,8,4,8192,3,31|47|73,0.702109375,0.6633333333,0.6844270833,0.65,0.9966666667,0.8466666667,8.083333333,1.367888889,0.6576953125,0.6275,0.6383984375,0.6125,0.8,0.6934765625,0.6475,0.6762890625,0.64,0.85,0.75515625,0.715,0.73859375,0.6975,0.89,0.02846373525,-3.455729167,-7.333333333,-9.666666667,1,False
f31c2a6e,489,validated_complete_three_seed_cell,False,VOUT-S32-B16-U1,157|158|159,VOUT,AC-ALG1,32,16,1,16384,3,31|47|73,0.7600260417,0.7766666667,0.7234635417,0.7625,0.9833333333,0.9666666667,0.1666666667,2.023009259,0.7790234375,0.7875,0.7594140625,0.7775,0.98,0.733515625,0.7575,0.6855859375,0.7325,0.96,0.7675390625,0.785,0.725390625,0.7775,0.96,0.0136635081,2.3359375,4,2.333333333,3,True
f31c2a6e,489,validated_complete_three_seed_cell,False,VOUT-S32-B16-U2,160|161|162,VOUT,AC-ALG1,32,16,2,16384,3,31|47|73,0.7582682292,0.72,0.7354427083,0.71,0.9966666667,0.8833333333,6.083333333,2.079898148,0.7490625,0.66,0.7298828125,0.645,0.82,0.7508984375,0.7375,0.7258203125,0.73,0.93,0.77484375,0.7625,0.750625,0.755,0.9,0.008304689133,2.16015625,-1.666666667,-6,2,False
f31c2a6e,489,validated_complete_three_seed_cell,False,VOUT-S32-B16-U4,163|164|165,VOUT,AC-ALG1,32,16,4,16384,3,31|47|73,0.6948046875,0.6541666667,0.6796875,0.6491666667,0.9958333333,0.85,9.75,2.328666667,0.682109375,0.635,0.6718359375,0.63,0.86,0.6593359375,0.63,0.63953125,0.6275,0.86,0.74296875,0.6975,0.7276953125,0.69,0.83,0.02496323998,-4.186197917,-8.25,-9.333333333,1,False
f31c2a6e,489,validated_complete_three_seed_cell,False,POLD-S8-B4-U1,166|167|168,POLD,AC-ALG1,8,4,1,1024,3,31|47|73,0.7480338542,0.7425,0.7087760417,0.7283333333,0.9725,0.94,1.583333333,0.4560555556,0.7716015625,0.7725,0.7484375,0.7625,0.94,0.7198046875,0.71,0.6800390625,0.6925,0.93,0.7526953125,0.745,0.6978515625,0.73,0.95,0.01513303187,1.13671875,0.5833333333,-0.3333333333,3,True
f31c2a6e,489,validated_complete_three_seed_cell,False,POLD-S8-B4-U2,169|170|171,POLD,AC-ALG1,8,4,2,1024,3,31|47|73,0.7434375,0.6925,0.7153385417,0.6758333333,0.9708333333,0.8433333333,7.333333333,0.4468333333,0.766484375,0.7375,0.7510546875,0.705,0.89,0.7089453125,0.605,0.6775,0.5925,0.73,0.7548828125,0.735,0.7174609375,0.73,0.91,0.01756826981,0.6770833333,-4.416666667,-10,2,False
f31c2a6e,489,validated_complete_three_seed_cell,False,POLD-S8-B4-U4,172|173|174,POLD,AC-ALG1,8,4,4,1024,3,31|47|73,0.6588411458,0.4433333333,0.6446223958,0.44,0.995,0.67,29.33333333,0.4477592593,0.695390625,0.595,0.688046875,0.59,0.83,0.598046875,0.36,0.5825390625,0.36,0.56,0.6830859375,0.375,0.66328125,0.37,0.62,0.03060396956,-7.782552083,-29.33333333,-27.33333333,0,False
f31c2a6e,489,validated_complete_three_seed_cell,False,POLD-S8-B8-U1,175|176|177,POLD,AC-ALG1,8,8,1,2048,3,31|47|73,0.744609375,0.7333333333,0.7126432292,0.7233333333,0.9708333333,0.94,2.666666667,0.5470925926,0.7658203125,0.75,0.7480078125,0.7375,0.93,0.7126953125,0.6875,0.68046875,0.68,0.94,0.7553125,0.7625,0.709453125,0.7525,0.95,0.01624278373,0.7942708333,-0.3333333333,-0.3333333333,2,False
f31c2a6e,489,validated_complete_three_seed_cell,False,POLD-S8-B8-U2,178|179|180,POLD,AC-ALG1,8,8,2,2048,3,31|47|73,0.7301822917,0.6525,0.7059114583,0.6466666667,0.9741666667,0.8233333333,10.58333333,0.5660555556,0.7659765625,0.72,0.7510546875,0.715,0.89,0.6816015625,0.5575,0.6565234375,0.55,0.67,0.74296875,0.68,0.71015625,0.675,0.91,0.02518203919,-0.6484375,-8.416666667,-12,2,False
f31c2a6e,489,validated_complete_three_seed_cell,False,POLD-S8-B8-U4,181|182|183,POLD,AC-ALG1,8,8,4,2048,3,31|47|73,0.6398828125,0.47,0.6268619792,0.4675,0.9916666667,0.77,27.75,0.6426296296,0.6486328125,0.4575,0.64234375,0.4575,0.76,0.5937109375,0.4325,0.5826171875,0.43,0.68,0.6773046875,0.52,0.655625,0.515,0.87,0.02452482168,-9.678385417,-26.66666667,-17.33333333,0,False
f31c2a6e,489,validated_complete_three_seed_cell,False,POLD-S8-B16-U1,184|185|186,POLD,AC-ALG1,8,16,1,4096,3,31|47|73,0.7431380208,0.7375,0.7121744792,0.73,0.9708333333,0.9166666667,1.25,0.7961944444,0.7612109375,0.7575,0.74609375,0.75,0.88,0.714921875,0.7025,0.6823046875,0.695,0.91,0.75328125,0.7525,0.708125,0.745,0.96,0.01429257558,0.6471354167,0.08333333333,-2.666666667,1,False
f31c2a6e,489,validated_complete_three_seed_cell,False,POLD-S8-B16-U2,187|188|189,POLD,AC-ALG1,8,16,2,4096,3,31|47|73,0.7193359375,0.6116666667,0.7000130208,0.61,0.9716666667,0.7933333333,14.08333333,0.928037037,0.7395703125,0.615,0.7291796875,0.6125,0.77,0.685,0.58,0.6630859375,0.58,0.75,0.7334375,0.64,0.7077734375,0.6375,0.86,0.01725901021,-1.733072917,-12.5,-15,1,False
f31c2a6e,489,validated_complete_three_seed_cell,False,POLD-S8-B16-U4,190|191|192,POLD,AC-ALG1,8,16,4,4096,3,31|47|73,0.6344921875,0.4625,0.6211458333,0.46,0.9883333333,0.6866666667,28.41666667,0.8592777778,0.6424609375,0.4325,0.6327734375,0.4325,0.71,0.5890234375,0.3975,0.5743359375,0.395,0.57,0.6719921875,0.5575,0.656328125,0.5525,0.78,0.02428016407,-10.21744792,-27.41666667,-25.66666667,0,False
f31c2a6e,489,validated_complete_three_seed_cell,False,POLD-S16-B4-U1,193|194|195,POLD,AC-ALG1,16,4,1,2048,3,31|47|73,0.7440234375,0.7375,0.7129296875,0.7316666667,0.9725,0.9566666667,1.25,0.5232407407,0.76390625,0.7475,0.7486328125,0.74,0.96,0.71625,0.7075,0.685,0.7025,0.94,0.7519140625,0.7575,0.70515625,0.7525,0.97,0.01431172029,0.7356770833,0.08333333333,1.333333333,3,True
f31c2a6e,489,validated_complete_three_seed_cell,False,POLD-S16-B4-U2,196|197|198,POLD,AC-ALG1,16,4,2,2048,3,31|47|73,0.7327864583,0.65,0.70796875,0.6425,0.9725,0.85,11.08333333,0.6037685185,0.75578125,0.6775,0.7429296875,0.675,0.86,0.698515625,0.575,0.671640625,0.565,0.78,0.7440625,0.6975,0.7093359375,0.6875,0.91,0.01746615573,-0.3880208333,-8.666666667,-9.333333333,1,False
f31c2a6e,489,validated_complete_three_seed_cell,False,POLD-S16-B4-U4,199|200|201,POLD,AC-ALG1,16,4,4,2048,3,31|47|73,0.6355338542,0.4825,0.6233984375,0.4791666667,0.9941666667,0.6966666667,25.83333333,0.7011388889,0.68609375,0.5325,0.6805859375,0.5325,0.78,0.5905078125,0.41,0.5803125,0.41,0.55,0.63,0.505,0.609296875,0.495,0.76,0.02773166372,-10.11328125,-25.41666667,-24.66666667,0,False
f31c2a6e,489,validated_complete_three_seed_cell,False,POLD-S16-B8-U1,202|203|204,POLD,AC-ALG1,16,8,1,4096,3,31|47|73,0.7528515625,0.7483333333,0.7205078125,0.7375,0.9708333333,0.95,2.5,0.7972037037,0.7751953125,0.7775,0.758125,0.7625,0.98,0.7262890625,0.71,0.6938671875,0.7,0.93,0.7570703125,0.7575,0.70953125,0.75,0.94,0.01427472955,1.618489583,1.166666667,0.6666666667,3,True
f31c2a6e,489,validated_complete_three_seed_cell,False,POLD-S16-B8-U2,205|206|207,POLD,AC-ALG1,16,8,2,4096,3,31|47|73,0.7140625,0.6141666667,0.6940625,0.61,0.9741666667,0.8033333333,14.08333333,0.8613333333,0.7434375,0.66,0.7302734375,0.655,0.81,0.68015625,0.5525,0.6576953125,0.545,0.73,0.71859375,0.63,0.69421875,0.63,0.87,0.01840768246,-2.260416667,-12.25,-14,0,False
f31c2a6e,489,validated_complete_three_seed_cell,False,POLD-S16-B8-U4,208|209|210,POLD,AC-ALG1,16,8,4,4096,3,31|47|73,0.6234375,0.4758333333,0.6116145833,0.4716666667,0.9891666667,0.69,26.33333333,1.044,0.67546875,0.57,0.6703515625,0.5675,0.84,0.5708984375,0.425,0.5585546875,0.4175,0.57,0.6239453125,0.4325,0.6059375,0.43,0.66,0.03018791684,-11.32291667,-26.08333333,-25.33333333,0,False
f31c2a6e,489,validated_complete_three_seed_cell,False,POLD-S16-B16-U1,211|212|213,POLD,AC-ALG1,16,16,1,8192,3,31|47|73,0.7414973958,0.7425,0.7136458333,0.7325,0.97,0.9333333333,1,1.192888889,0.7598828125,0.765,0.743515625,0.7525,0.94,0.71515625,0.7,0.6869921875,0.6875,0.89,0.749453125,0.7625,0.7104296875,0.7575,0.97,0.01351032405,0.4830729167,0.5833333333,-1,2,True
f31c2a6e,489,validated_complete_three_seed_cell,False,POLD-S16-B16-U2,214|215|216,POLD,AC-ALG1,16,16,2,8192,3,31|47|73,0.6959505208,0.5908333333,0.6770963542,0.5866666667,0.9783333333,0.7733333333,15.58333333,1.239398148,0.7236328125,0.6,0.7119140625,0.5975,0.81,0.6641796875,0.5425,0.6453515625,0.5375,0.68,0.7000390625,0.63,0.6740234375,0.625,0.83,0.01728395834,-4.071614583,-14.58333333,-17,0,False
f31c2a6e,489,validated_complete_three_seed_cell,False,POLD-S16-B16-U4,217|218|219,POLD,AC-ALG1,16,16,4,8192,3,31|47|73,0.6094010417,0.4491666667,0.597890625,0.4466666667,0.9933333333,0.6666666667,28.5,1.518481481,0.6471875,0.5375,0.6407421875,0.5375,0.8,0.5550390625,0.3575,0.54421875,0.355,0.52,0.6259765625,0.4525,0.6087109375,0.4475,0.68,0.02786212813,-12.7265625,-28.75,-27.66666667,0,False
f31c2a6e,489,validated_complete_three_seed_cell,False,POLD-S32-B4-U1,220|221|222,POLD,AC-ALG1,32,4,1,4096,3,31|47|73,0.7471744792,0.7416666667,0.7155338542,0.7341666667,0.9716666667,0.9366666667,1.75,0.7782222222,0.7684765625,0.7675,0.7528125,0.765,0.95,0.72015625,0.7125,0.6851171875,0.6975,0.91,0.752890625,0.745,0.708671875,0.74,0.95,0.01423866675,1.05078125,0.5,-0.6666666667,3,True
f31c2a6e,489,validated_complete_three_seed_cell,False,POLD-S32-B4-U2,223|224|225,POLD,AC-ALG1,32,4,2,4096,3,31|47|73,0.7227604167,0.6316666667,0.6967578125,0.6266666667,0.9716666667,0.81,12.83333333,0.8776388889,0.7503125,0.685,0.7219921875,0.6825,0.88,0.6889453125,0.5775,0.6671875,0.57,0.73,0.7290234375,0.6325,0.70109375,0.6275,0.82,0.01798983044,-1.390625,-10.5,-13.33333333,0,False
f31c2a6e,489,validated_complete_three_seed_cell,False,POLD-S32-B4-U4,226|227|228,POLD,AC-ALG1,32,4,4,4096,3,31|47|73,0.6434765625,0.465,0.6300260417,0.4625,0.995,0.7433333333,28.66666667,0.9536296296,0.6251953125,0.455,0.6160546875,0.4525,0.77,0.612265625,0.445,0.5987890625,0.445,0.67,0.69296875,0.495,0.675234375,0.49,0.79,0.02502599763,-9.319010417,-27.16666667,-20,0,False
f31c2a6e,489,validated_complete_three_seed_cell,False,POLD-S32-B8-U1,229|230|231,POLD,AC-ALG1,32,8,1,8192,3,31|47|73,0.7399479167,0.73,0.7116015625,0.7225,0.9775,0.9466666667,1.833333333,1.175166667,0.76484375,0.7575,0.7498828125,0.75,0.95,0.705703125,0.695,0.6796875,0.6875,0.95,0.749296875,0.7375,0.705234375,0.73,0.94,0.01770080646,0.328125,-0.6666666667,0.3333333333,2,False
f31c2a6e,489,validated_complete_three_seed_cell,False,POLD-S32-B8-U2,232|233|234,POLD,AC-ALG1,32,8,2,8192,3,31|47|73,0.7126953125,0.6233333333,0.693984375,0.62,0.97,0.78,13.5,1.266407407,0.7434375,0.6425,0.7324609375,0.6375,0.84,0.6719140625,0.5775,0.651875,0.575,0.67,0.722734375,0.65,0.6976171875,0.6475,0.83,0.02124843218,-2.397135417,-11.33333333,-16.33333333,0,False
f31c2a6e,489,validated_complete_three_seed_cell,False,POLD-S32-B8-U4,235|236|237,POLD,AC-ALG1,32,8,4,8192,3,31|47|73,0.6151041667,0.46,0.6051692708,0.4591666667,0.99,0.6666666667,28.41666667,1.544703704,0.643203125,0.515,0.6387109375,0.515,0.74,0.5745703125,0.39,0.5631640625,0.39,0.55,0.6275390625,0.475,0.6136328125,0.4725,0.71,0.0207652411,-12.15625,-27.66666667,-27.66666667,0,False
f31c2a6e,489,validated_complete_three_seed_cell,False,POLD-S32-B16-U1,238|239|240,POLD,AC-ALG1,32,16,1,16384,3,31|47|73,0.7424739583,0.7416666667,0.7141145833,0.7358333333,0.9716666667,0.9366666667,1.083333333,2.08737963,0.7676171875,0.775,0.7519140625,0.77,0.94,0.7084765625,0.7,0.6805859375,0.695,0.94,0.751328125,0.75,0.70984375,0.7425,0.93,0.01763708765,0.5807291667,0.5,-0.6666666667,2,True
f31c2a6e,489,validated_complete_three_seed_cell,False,POLD-S32-B16-U2,241|242|243,POLD,AC-ALG1,32,16,2,16384,3,31|47|73,0.6957161458,0.5825,0.6786979167,0.5808333333,0.9841666667,0.7733333333,16.66666667,2.161583333,0.71078125,0.59,0.6995703125,0.59,0.77,0.657734375,0.535,0.641640625,0.5325,0.77,0.7186328125,0.6225,0.6948828125,0.62,0.78,0.01912566291,-4.095052083,-15.41666667,-17,0,False
f31c2a6e,489,validated_complete_three_seed_cell,False,POLD-S32-B16-U4,244|245|246,POLD,AC-ALG1,32,16,4,16384,3,31|47|73,0.5880208333,0.3616666667,0.5784114583,0.3616666667,0.9908333333,0.6133333333,38.75,2.476694444,0.6166796875,0.4425,0.610703125,0.4425,0.67,0.543828125,0.2575,0.53375,0.2575,0.48,0.6035546875,0.385,0.59078125,0.385,0.69,0.02241883887,-14.86458333,-37.5,-33,0,False
f31c2a6e,489,validated_complete_three_seed_cell,False,PIS-S8-B4-U1,247|248|249,PIS,AC-ALG1,8,4,1,1024,3,31|47|73,0.7457682292,0.7591666667,0.7046744792,0.7441666667,0.9741666667,0.9433333333,0.4166666667,0.4299444444,0.7666015625,0.7875,0.7458203125,0.7675,0.95,0.7200390625,0.71,0.6826953125,0.6975,0.93,0.7506640625,0.78,0.6855078125,0.7675,0.95,0.0136625216,0.91015625,2.25,0,3,True
f31c2a6e,489,validated_complete_three_seed_cell,False,PIS-S8-B4-U2,250|251|252,PIS,AC-ALG1,8,4,2,1024,3,31|47|73,0.7498046875,0.7516666667,0.7191927083,0.7475,0.9725,0.9466666667,1,0.4688425926,0.781640625,0.7975,0.762734375,0.79,0.97,0.70875,0.71,0.6854296875,0.7075,0.9,0.7590234375,0.7475,0.7094140625,0.745,0.97,0.02154065781,1.313802083,1.5,0.3333333333,2,True
f31c2a6e,489,validated_complete_three_seed_cell,False,PIS-S8-B4-U4,253|254|255,PIS,AC-ALG1,8,4,4,1024,3,31|47|73,0.7599088542,0.7575,0.732734375,0.7225,0.9725,0.94,3.583333333,0.4835555556,0.7598046875,0.7,0.7376171875,0.625,0.95,0.724921875,0.785,0.7030078125,0.775,0.93,0.795,0.7875,0.757578125,0.7675,0.94,0.02022987921,2.32421875,2.083333333,-0.3333333333,2,False
f31c2a6e,489,validated_complete_three_seed_cell,False,PIS-S8-B8-U1,256|257|258,PIS,AC-ALG1,8,8,1,2048,3,31|47|73,0.7490364583,0.7483333333,0.7141536458,0.7408333333,0.97,0.9533333333,1.333333333,0.5530185185,0.769765625,0.7675,0.7525,0.76,0.94,0.71734375,0.715,0.68109375,0.71,0.95,0.76,0.7625,0.7088671875,0.7525,0.97,0.01609516158,1.236979167,1.166666667,1,3,True
f31c2a6e,489,validated_complete_three_seed_cell,False,PIS-S8-B8-U2,259|260|261,PIS,AC-ALG1,8,8,2,2048,3,31|47|73,0.7519921875,0.7641666667,0.7292317708,0.7558333333,0.9716666667,0.9433333333,0.3333333333,0.5958148148,0.773359375,0.78,0.7610546875,0.7725,0.92,0.712578125,0.7175,0.69046875,0.7075,0.94,0.7700390625,0.795,0.736171875,0.7875,0.97,0.01973032658,1.532552083,2.75,0,2,True
f31c2a6e,489,validated_complete_three_seed_cell,False,PIS-S8-B8-U4,262|263|264,PIS,AC-ALG1,8,8,4,2048,3,31|47|73,0.7791666667,0.8,0.7616145833,0.7916666667,0.9941666667,0.95,0.9166666667,0.6060648148,0.7860546875,0.8075,0.7704296875,0.8025,0.96,0.76328125,0.77,0.7484765625,0.765,0.97,0.7881640625,0.8225,0.7659375,0.8075,0.92,0.007966015581,4.25,6.333333333,0.6666666667,3,True
f31c2a6e,489,validated_complete_three_seed_cell,False,PIS-S8-B16-U1,265|266|267,PIS,AC-ALG1,8,16,1,4096,3,31|47|73,0.75296875,0.7558333333,0.71921875,0.7475,0.9775,0.9433333333,1.25,0.8233981481,0.7706640625,0.765,0.7525390625,0.755,0.94,0.7283984375,0.72,0.6966796875,0.7075,0.94,0.75984375,0.7825,0.7084375,0.78,0.95,0.01267602702,1.630208333,1.916666667,-3.700743415e-15,3,True
f31c2a6e,489,validated_complete_three_seed_cell,False,PIS-S8-B16-U2,268|269|270,PIS,AC-ALG1,8,16,2,4096,3,31|47|73,0.7545442708,0.7716666667,0.7336328125,0.765,0.9708333333,0.9433333333,0.3333333333,0.9224351852,0.76796875,0.77,0.757734375,0.765,0.94,0.7205078125,0.74,0.6976953125,0.735,0.94,0.77515625,0.805,0.74546875,0.795,0.95,0.01714424501,1.787760417,3.5,-3.700743415e-15,3,True
f31c2a6e,489,validated_complete_three_seed_cell,False,PIS-S8-B16-U4,271|272|273,PIS,AC-ALG1,8,16,4,4096,3,31|47|73,0.7560807292,0.7425,0.7415755208,0.7366666667,0.9933333333,0.9333333333,4.666666667,1.020046296,0.753046875,0.685,0.742734375,0.68,0.88,0.7165234375,0.725,0.70234375,0.7225,0.94,0.798671875,0.8175,0.7796484375,0.8075,0.98,0.02376267837,1.94140625,0.5833333333,-1,2,False
f31c2a6e,489,validated_complete_three_seed_cell,False,PIS-S16-B4-U1,274|275|276,PIS,AC-ALG1,16,4,1,2048,3,31|47|73,0.7500390625,0.7566666667,0.7087239583,0.7433333333,0.9758333333,0.9333333333,0.3333333333,0.5604259259,0.7726171875,0.775,0.7549609375,0.765,0.94,0.7291015625,0.7325,0.679296875,0.7075,0.93,0.7483984375,0.7625,0.6919140625,0.7575,0.93,0.01258863433,1.337239583,2,-1,3,True
f31c2a6e,489,validated_complete_three_seed_cell,False,PIS-S16-B4-U2,277|278|279,PIS,AC-ALG1,16,4,2,2048,3,31|47|73,0.7526432292,0.7575,0.7266015625,0.7508333333,0.9733333333,0.94,1.25,0.5948333333,0.78140625,0.795,0.7680859375,0.7875,0.96,0.72125,0.6975,0.6901171875,0.6925,0.92,0.7552734375,0.78,0.7216015625,0.7725,0.94,0.01741533903,1.59765625,2.083333333,-0.3333333333,3,True
f31c2a6e,489,validated_complete_three_seed_cell,False,PIS-S16-B4-U4,280|281|282,PIS,AC-ALG1,16,4,4,2048,3,31|47|73,0.7555598958,0.7225,0.7362369792,0.7133333333,0.9775,0.9333333333,6,0.6456666667,0.762578125,0.72,0.7437890625,0.7025,0.91,0.772265625,0.8,0.752578125,0.7975,0.96,0.7318359375,0.6475,0.71234375,0.64,0.93,0.01218717308,1.889322917,-1.416666667,-1,2,False
f31c2a6e,489,validated_complete_three_seed_cell,False,PIS-S16-B8-U1,283|284|285,PIS,AC-ALG1,16,8,1,4096,3,31|47|73,0.7509375,0.7575,0.7173046875,0.7491666667,0.9733333333,0.95,0.4166666667,0.8306203704,0.7819140625,0.7825,0.765078125,0.7725,0.95,0.71671875,0.7175,0.6844921875,0.71,0.94,0.7541796875,0.7725,0.70234375,0.765,0.96,0.01888995348,1.427083333,2.083333333,0.6666666667,3,True
f31c2a6e,489,validated_complete_three_seed_cell,False,PIS-S16-B8-U2,286|287|288,PIS,AC-ALG1,16,8,2,4096,3,31|47|73,0.7615234375,0.7825,0.7406901042,0.7725,0.9616666667,0.9433333333,0.4166666667,0.8476203704,0.7996484375,0.8375,0.784765625,0.825,0.96,0.7202734375,0.7225,0.6980859375,0.7075,0.92,0.7646484375,0.7875,0.73921875,0.785,0.95,0.02296680122,2.485677083,4.583333333,0,3,True
f31c2a6e,489,validated_complete_three_seed_cell,False,PIS-S16-B8-U4,289|290|291,PIS,AC-ALG1,16,8,4,4096,3,31|47|73,0.7807161458,0.7825,0.7652994792,0.7741666667,0.9933333333,0.9666666667,3.5,0.9202314815,0.8159375,0.81,0.8010546875,0.7975,0.97,0.733515625,0.725,0.7225390625,0.7225,0.94,0.7926953125,0.8125,0.7723046875,0.8025,0.99,0.02453546206,4.404947917,4.583333333,2.333333333,3,False
f31c2a6e,489,validated_complete_three_seed_cell,False,PIS-S16-B16-U1,292|293|294,PIS,AC-ALG1,16,16,1,8192,3,31|47|73,0.7458463542,0.7416666667,0.7149348958,0.7358333333,0.9741666667,0.9366666667,1.666666667,1.212935185,0.7696484375,0.7575,0.751796875,0.75,0.94,0.713984375,0.6975,0.6853515625,0.695,0.93,0.75390625,0.77,0.70765625,0.7625,0.94,0.01656646617,0.91796875,0.5,-0.6666666667,2,True
f31c2a6e,489,validated_complete_three_seed_cell,False,PIS-S16-B16-U2,295|296|297,PIS,AC-ALG1,16,16,2,8192,3,31|47|73,0.7579296875,0.7808333333,0.7372526042,0.7733333333,0.9741666667,0.97,0.1666666667,1.506981481,0.783125,0.795,0.7701171875,0.795,0.98,0.720703125,0.74,0.6990234375,0.73,0.97,0.7699609375,0.8075,0.7426171875,0.795,0.96,0.01899724412,2.126302083,4.416666667,2.666666667,3,True
f31c2a6e,489,validated_complete_three_seed_cell,False,PIS-S16-B16-U4,298|299|300,PIS,AC-ALG1,16,16,4,8192,3,31|47|73,0.7758203125,0.7691666667,0.7617838542,0.765,0.9908333333,0.9666666667,3.333333333,1.57725,0.781640625,0.735,0.77125,0.73,0.97,0.7593359375,0.795,0.748046875,0.7925,0.97,0.786484375,0.7775,0.7660546875,0.7725,0.96,0.008359953008,3.915364583,3.25,2.333333333,3,False
f31c2a6e,489,validated_complete_three_seed_cell,False,PIS-S32-B4-U1,301|302|303,PIS,AC-ALG1,32,4,1,4096,3,31|47|73,0.7493098958,0.7525,0.7190234375,0.7441666667,0.9725,0.9566666667,0.8333333333,0.7615555556,0.77390625,0.77,0.756328125,0.76,0.95,0.720625,0.7225,0.6872265625,0.71,0.97,0.7533984375,0.765,0.713515625,0.7625,0.95,0.01551622839,1.264322917,1.583333333,1.333333333,3,True
f31c2a6e,489,validated_complete_three_seed_cell,False,PIS-S32-B4-U2,304|305|306,PIS,AC-ALG1,32,4,2,4096,3,31|47|73,0.7565755208,0.78,0.7383333333,0.775,0.9725,0.95,0.25,1.009888889,0.780859375,0.7975,0.7680078125,0.79,0.95,0.7133203125,0.71,0.6953125,0.7075,0.93,0.775546875,0.8325,0.7516796875,0.8275,0.97,0.02168190836,1.990885417,4.333333333,0.6666666667,2,True
f31c2a6e,489,validated_complete_three_seed_cell,False,PIS-S32-B4-U4,307|308|309,PIS,AC-ALG1,32,4,4,4096,3,31|47|73,0.7510677083,0.72,0.7337630208,0.7133333333,0.985,0.9233333333,5,0.9581481481,0.7637109375,0.7025,0.7471875,0.6925,0.91,0.7097265625,0.685,0.689375,0.675,0.93,0.779765625,0.7725,0.7647265625,0.7725,0.93,0.02118376738,1.440104167,-1.666666667,-2,2,False
f31c2a6e,489,validated_complete_three_seed_cell,False,PIS-S32-B8-U1,310|311|312,PIS,AC-ALG1,32,8,1,8192,3,31|47|73,0.7521614583,0.7566666667,0.7215494792,0.7466666667,0.9741666667,0.9533333333,0.6666666667,1.433416667,0.7771875,0.7925,0.760234375,0.7825,0.97,0.7233203125,0.71,0.6907421875,0.6975,0.92,0.7559765625,0.7675,0.713671875,0.76,0.97,0.0156666816,1.549479167,2,1,3,True
f31c2a6e,489,validated_complete_three_seed_cell,False,PIS-S32-B8-U2,313|314|315,PIS,AC-ALG1,32,8,2,8192,3,31|47|73,0.7603125,0.7866666667,0.7405859375,0.77,0.9508333333,0.9366666667,0.1666666667,1.391175926,0.785625,0.8125,0.76984375,0.79,0.95,0.7151953125,0.745,0.698125,0.735,0.94,0.7801171875,0.8025,0.7537890625,0.785,0.92,0.02261455619,2.364583333,5,-0.6666666667,3,True
f31c2a6e,489,validated_complete_three_seed_cell,False,PIS-S32-B8-U4,316|317|318,PIS,AC-ALG1,32,8,4,8192,3,31|47|73,0.78921875,0.8008333333,0.7750520833,0.7941666667,0.9866666667,0.9666666667,2.416666667,1.501574074,0.8016015625,0.8225,0.788984375,0.8175,0.99,0.7675390625,0.78,0.754375,0.7725,0.97,0.798515625,0.8,0.781796875,0.7925,0.94,0.01087638712,5.255208333,6.416666667,2.333333333,3,True
f31c2a6e,489,validated_complete_three_seed_cell,False,PIS-S32-B16-U1,319|320|321,PIS,AC-ALG1,32,16,1,16384,3,31|47|73,0.7508463542,0.7533333333,0.7223828125,0.7441666667,0.9741666667,0.9466666667,0.8333333333,1.990055556,0.775234375,0.7775,0.7575,0.7625,0.97,0.714921875,0.7075,0.686328125,0.7025,0.93,0.7623828125,0.775,0.7233203125,0.7675,0.94,0.01834136325,1.41796875,1.666666667,0.3333333333,2,True
f31c2a6e,489,validated_complete_three_seed_cell,False,PIS-S32-B16-U2,322|323|324,PIS,AC-ALG1,32,16,2,16384,3,31|47|73,0.7700911458,0.7991666667,0.7516015625,0.79,0.9875,0.95,1.083333333,2.46362963,0.7821484375,0.7825,0.7699609375,0.775,0.94,0.7368359375,0.79,0.71671875,0.78,0.94,0.7912890625,0.825,0.768125,0.815,0.97,0.01683567064,3.342447917,6.25,0.6666666667,3,True
f31c2a6e,489,validated_complete_three_seed_cell,False,PIS-S32-B16-U4,325|326|327,PIS,AC-ALG1,32,16,4,16384,3,31|47|73,0.7823177083,0.7866666667,0.7685546875,0.78,0.9925,0.9433333333,2.75,2.518305556,0.7802734375,0.75,0.7672265625,0.74,0.95,0.76515625,0.8025,0.7553515625,0.8,0.93,0.8015234375,0.8075,0.7830859375,0.8,0.95,0.01054794394,4.565104167,5,0,3,True
f31c2a6e,489,validated_complete_three_seed_cell,False,GRPO-S8-B4-U1,328|329|330,GRPO,GRPO,8,4,1,1024,3,31|47|73,0.7492447917,0.7525,0.6942447917,0.7308333333,0.9791666667,0.9633333333,1,0.4945925926,0.77125,0.7725,0.7412890625,0.755,0.98,0.7209375,0.715,0.662109375,0.68,0.94,0.755546875,0.77,0.6793359375,0.7575,0.97,0.01486185391,1.2578125,1.583333333,2,3,True
f31c2a6e,489,validated_complete_three_seed_cell,False,GRPO-S8-B4-U2,331|332|333,GRPO,GRPO,8,4,2,1024,3,31|47|73,0.7536979167,0.7708333333,0.7145572917,0.7583333333,0.9883333333,0.9566666667,0.3333333333,0.4905648148,0.7771484375,0.7775,0.7559765625,0.765,0.97,0.721953125,0.745,0.6796875,0.7225,0.95,0.7619921875,0.79,0.7080078125,0.7875,0.95,0.01646437393,1.703125,3.416666667,1.333333333,3,True
f31c2a6e,489,validated_complete_three_seed_cell,False,GRPO-S8-B4-U4,334|335|336,GRPO,GRPO,8,4,4,1024,3,31|47|73,0.7704817708,0.7975,0.7457942708,0.7858333333,0.9775,0.9633333333,0,0.5871851852,0.7850390625,0.81,0.7716015625,0.805,0.97,0.7271484375,0.745,0.698984375,0.73,0.94,0.7992578125,0.8375,0.766796875,0.8225,0.98,0.02205203351,3.381510417,6.083333333,2,3,True
f31c2a6e,489,validated_complete_three_seed_cell,False,GRPO-S8-B8-U1,337|338|339,GRPO,GRPO,8,8,1,2048,3,31|47|73,0.751796875,0.7616666667,0.698671875,0.7441666667,0.9808333333,0.95,0.6666666667,0.6703611111,0.7751171875,0.7925,0.7446484375,0.78,0.96,0.719921875,0.7275,0.6684375,0.6975,0.93,0.7603515625,0.765,0.6829296875,0.755,0.96,0.01649765275,1.513020833,2.5,0.6666666667,3,True
f31c2a6e,489,validated_complete_three_seed_cell,False,GRPO-S8-B8-U2,340|341|342,GRPO,GRPO,8,8,2,2048,3,31|47|73,0.7564192708,0.7791666667,0.7264583333,0.7725,0.9833333333,0.98,0,0.6603796296,0.7746875,0.79,0.7575,0.785,0.97,0.7296875,0.745,0.6961328125,0.735,0.98,0.7648828125,0.8025,0.7257421875,0.7975,0.99,0.01366227962,1.975260417,4.25,3.666666667,3,True
f31c2a6e,489,validated_complete_three_seed_cell,False,GRPO-S8-B8-U4,343|344|345,GRPO,GRPO,8,8,4,2048,3,31|47|73,0.7747395833,0.8091666667,0.7490234375,0.7975,0.9891666667,0.97,0,0.7113240741,0.780625,0.8025,0.7580078125,0.7925,0.98,0.755546875,0.805,0.72828125,0.7925,0.96,0.788046875,0.82,0.76078125,0.8075,0.97,0.009832617437,3.807291667,7.25,2.666666667,3,True
f31c2a6e,489,validated_complete_three_seed_cell,False,GRPO-S8-B16-U1,346|347|348,GRPO,GRPO,8,16,1,4096,3,31|47|73,0.7508723958,0.7616666667,0.7003385417,0.745,0.9783333333,0.9466666667,0.1666666667,0.8412314815,0.7780078125,0.8,0.749296875,0.78,0.96,0.725078125,0.7275,0.671796875,0.705,0.93,0.74953125,0.7575,0.679921875,0.75,0.95,0.01529419235,1.420572917,2.5,0.3333333333,3,True
f31c2a6e,489,validated_complete_three_seed_cell,False,GRPO-S8-B16-U2,349|350|351,GRPO,GRPO,8,16,2,4096,3,31|47|73,0.7591276042,0.7783333333,0.7270703125,0.7666666667,0.9883333333,0.96,0.1666666667,0.9194166667,0.782734375,0.7825,0.7665234375,0.7775,0.98,0.7315625,0.76,0.690390625,0.7425,0.94,0.7630859375,0.7925,0.724296875,0.78,0.96,0.01490404307,2.24609375,4.166666667,1.666666667,3,True
f31c2a6e,489,validated_complete_three_seed_cell,False,GRPO-S8-B16-U4,352|353|354,GRPO,GRPO,8,16,4,4096,3,31|47|73,0.7679166667,0.7833333333,0.7442317708,0.7725,0.9883333333,0.9666666667,0.5,1.047305556,0.7785546875,0.7775,0.7658203125,0.7725,0.97,0.7454296875,0.765,0.7181640625,0.755,0.95,0.779765625,0.8075,0.7487109375,0.79,0.98,0.01124892241,3.125,4.666666667,2.333333333,3,True
f31c2a6e,489,validated_complete_three_seed_cell,False,GRPO-S16-B4-U1,355|356|357,GRPO,GRPO,16,4,1,2048,3,31|47|73,0.7512109375,0.7533333333,0.7015364583,0.7391666667,0.9816666667,0.9466666667,0.75,0.6149814815,0.7722265625,0.7775,0.748046875,0.7675,0.92,0.7257421875,0.73,0.6658984375,0.7075,0.97,0.7556640625,0.7525,0.6906640625,0.7425,0.95,0.013602353,1.454427083,1.666666667,0.3333333333,3,True
f31c2a6e,489,validated_complete_three_seed_cell,False,GRPO-S16-B4-U2,358|359|360,GRPO,GRPO,16,4,2,2048,3,31|47|73,0.7578645833,0.7758333333,0.7233463542,0.765,0.9858333333,0.9466666667,0.5,0.6360277778,0.7765625,0.8,0.762578125,0.7925,0.93,0.7228125,0.745,0.672578125,0.73,0.96,0.77421875,0.7825,0.7348828125,0.7725,0.95,0.01753909633,2.119791667,3.916666667,0.3333333333,3,True
f31c2a6e,489,validated_complete_three_seed_cell,False,GRPO-S16-B4-U4,361|362|363,GRPO,GRPO,16,4,4,2048,3,31|47|73,0.7729036458,0.7966666667,0.75203125,0.7883333333,0.9833333333,0.9733333333,0.3333333333,0.70675,0.784921875,0.815,0.7738671875,0.8125,0.98,0.743046875,0.7575,0.717421875,0.7475,0.97,0.7907421875,0.8175,0.7648046875,0.805,0.97,0.01502263939,3.623697917,6,3,3,True
f31c2a6e,489,validated_complete_three_seed_cell,False,GRPO-S16-B8-U1,364|365|366,GRPO,GRPO,16,8,1,4096,3,31|47|73,0.75328125,0.765,0.7081901042,0.7533333333,0.9825,0.9466666667,0.4166666667,0.8556203704,0.778984375,0.7975,0.7561328125,0.7875,0.96,0.723046875,0.73,0.6698046875,0.71,0.93,0.7578125,0.7675,0.6986328125,0.7625,0.95,0.01630593089,1.661458333,2.833333333,0.3333333333,3,True
f31c2a6e,489,validated_complete_three_seed_cell,False,GRPO-S16-B8-U2,367|368|369,GRPO,GRPO,16,8,2,4096,3,31|47|73,0.75953125,0.7791666667,0.7279817708,0.7658333333,0.9825,0.9666666667,0.8333333333,0.9130925926,0.7739453125,0.765,0.7560546875,0.7525,0.96,0.730234375,0.7625,0.697421875,0.745,0.96,0.7744140625,0.81,0.73046875,0.8,0.98,0.01464906249,2.286458333,4.25,2.333333333,3,True
f31c2a6e,489,validated_complete_three_seed_cell,False,GRPO-S16-B8-U4,370|371|372,GRPO,GRPO,16,8,4,4096,3,31|47|73,0.7704557292,0.8091666667,0.7496223958,0.8008333333,0.9866666667,0.9766666667,0.6666666667,1.032574074,0.775390625,0.78,0.7615234375,0.77,0.98,0.7476171875,0.8,0.723984375,0.79,0.96,0.788359375,0.8475,0.763359375,0.8425,0.99,0.01201729806,3.37890625,7.25,3.333333333,3,True
f31c2a6e,489,validated_complete_three_seed_cell,False,GRPO-S16-B16-U1,373|374|375,GRPO,GRPO,16,16,1,8192,3,31|47|73,0.7500651042,0.7541666667,0.7067317708,0.7416666667,0.9808333333,0.9433333333,0.75,1.376592593,0.7741015625,0.7625,0.748203125,0.7525,0.93,0.7177734375,0.7325,0.6732421875,0.715,0.96,0.7583203125,0.7675,0.69875,0.7575,0.94,0.01677623085,1.33984375,1.75,0,3,True
f31c2a6e,489,validated_complete_three_seed_cell,False,GRPO-S16-B16-U2,376|377|378,GRPO,GRPO,16,16,2,8192,3,31|47|73,0.7628385417,0.775,0.7363802083,0.7666666667,0.9908333333,0.9566666667,0.25,1.430444444,0.7908984375,0.795,0.7777734375,0.7925,0.97,0.733671875,0.7525,0.7015234375,0.74,0.96,0.7639453125,0.7775,0.72984375,0.7675,0.94,0.01652915172,2.6171875,3.833333333,1.333333333,3,True
f31c2a6e,489,validated_complete_three_seed_cell,False,GRPO-S16-B16-U4,379|380|381,GRPO,GRPO,16,16,4,8192,3,31|47|73,0.7652604167,0.7925,0.7461458333,0.7833333333,0.9833333333,0.9566666667,0,1.782925926,0.7884375,0.8,0.7791796875,0.795,0.96,0.7444140625,0.7725,0.72046875,0.76,0.94,0.7629296875,0.805,0.7387890625,0.795,0.97,0.01276179175,2.859375,5.583333333,1.333333333,3,True
f31c2a6e,489,validated_complete_three_seed_cell,False,GRPO-S32-B4-U1,382|383|384,GRPO,GRPO,32,4,1,4096,3,31|47|73,0.7507161458,0.7583333333,0.7082552083,0.7483333333,0.9791666667,0.95,0.5,0.8243703704,0.7723828125,0.7925,0.7490625,0.78,0.96,0.723203125,0.725,0.67703125,0.7125,0.93,0.7565625,0.7575,0.698671875,0.7525,0.96,0.01449477272,1.404947917,2.166666667,0.6666666667,3,True
f31c2a6e,489,validated_complete_three_seed_cell,False,GRPO-S32-B4-U2,385|386|387,GRPO,GRPO,32,4,2,4096,3,31|47|73,0.7580208333,0.7891666667,0.7312760417,0.7816666667,0.9858333333,0.96,0,0.8507314815,0.7771484375,0.8025,0.7635546875,0.795,0.97,0.7241015625,0.7525,0.691171875,0.7425,0.93,0.7728125,0.8125,0.7391015625,0.8075,0.98,0.01700576166,2.135416667,5.25,1.666666667,3,True
f31c2a6e,489,validated_complete_three_seed_cell,False,GRPO-S32-B4-U4,388|389|390,GRPO,GRPO,32,4,4,4096,3,31|47|73,0.7719791667,0.7966666667,0.75171875,0.7908333333,0.9875,0.97,0.6666666667,1.019481481,0.7867578125,0.805,0.771328125,0.795,0.98,0.7317578125,0.7475,0.7100390625,0.7425,0.96,0.797421875,0.8375,0.7737890625,0.835,0.97,0.02034493021,3.53125,6,2.666666667,3,True
f31c2a6e,489,validated_complete_three_seed_cell,False,GRPO-S32-B8-U1,391|392|393,GRPO,GRPO,32,8,1,8192,3,31|47|73,0.7563020833,0.765,0.7135546875,0.7558333333,0.9833333333,0.9533333333,0.5833333333,1.284953704,0.7786328125,0.7775,0.7578515625,0.77,0.96,0.728671875,0.735,0.6801171875,0.72,0.94,0.7616015625,0.7825,0.7026953125,0.7775,0.96,0.01466386919,1.963541667,2.833333333,1,3,True
f31c2a6e,489,validated_complete_three_seed_cell,False,GRPO-S32-B8-U2,394|395|396,GRPO,GRPO,32,8,2,8192,3,31|47|73,0.76296875,0.785,0.73640625,0.7775,0.99,0.9766666667,0.5,1.3395,0.7784765625,0.7775,0.7652734375,0.7725,0.96,0.73875,0.7725,0.706953125,0.7625,0.98,0.7716796875,0.805,0.7369921875,0.7975,0.99,0.01226730432,2.630208333,4.833333333,3.333333333,3,True
f31c2a6e,489,validated_complete_three_seed_cell,False,GRPO-S32-B8-U4,397|398|399,GRPO,GRPO,32,8,4,8192,3,31|47|73,0.7772265625,0.795,0.7602213542,0.79,0.9916666667,0.9766666667,0.5833333333,1.580018519,0.774609375,0.795,0.7662890625,0.79,1,0.755234375,0.7625,0.735078125,0.755,0.95,0.8018359375,0.8275,0.779296875,0.825,0.98,0.01351620829,4.055989583,5.833333333,3.333333333,3,True
f31c2a6e,489,validated_complete_three_seed_cell,False,GRPO-S32-B16-U1,400|401|402,GRPO,GRPO,32,16,1,16384,3,31|47|73,0.7550390625,0.76,0.7162369792,0.7491666667,0.9841666667,0.9533333333,0.5,2.140990741,0.7771484375,0.7725,0.7562109375,0.765,0.96,0.72703125,0.735,0.6828125,0.7175,0.94,0.7609375,0.7725,0.7096875,0.765,0.96,0.01476512552,1.837239583,2.333333333,1,3,True
f31c2a6e,489,validated_complete_three_seed_cell,False,GRPO-S32-B16-U2,403|404|405,GRPO,GRPO,32,16,2,16384,3,31|47|73,0.76453125,0.7833333333,0.7398697917,0.7758333333,0.9875,0.96,0.75,2.490333333,0.788203125,0.775,0.7746484375,0.7725,0.98,0.7344921875,0.78,0.705234375,0.7675,0.95,0.7708984375,0.795,0.7397265625,0.7875,0.95,0.01582847655,2.786458333,4.666666667,1.666666667,3,True
f31c2a6e,489,validated_complete_three_seed_cell,False,GRPO-S32-B16-U4,406|407|408,GRPO,GRPO,32,16,4,16384,3,31|47|73,0.7795052083,0.8116666667,0.7615625,0.8066666667,0.985,0.9666666667,0.08333333333,2.872814815,0.7880859375,0.7975,0.7772265625,0.7925,0.96,0.763125,0.81,0.7430078125,0.805,0.97,0.7873046875,0.8275,0.764453125,0.8225,0.97,0.008193208705,4.283854167,7.5,2.333333333,3,True
f31c2a6e,489,validated_complete_three_seed_cell,False,RLOO-S8-B4-U1,409|410|411,RLOO,RLOO,8,4,1,1024,3,31|47|73,0.7549609375,0.755,0.7204947917,0.745,0.9808333333,0.95,0.8333333333,0.4557685185,0.7815625,0.7825,0.76265625,0.775,0.97,0.7251171875,0.725,0.6820703125,0.705,0.94,0.758203125,0.7575,0.7167578125,0.755,0.94,0.01637479934,1.829427083,1.833333333,0.6666666667,3,True
f31c2a6e,489,validated_complete_three_seed_cell,False,RLOO-S8-B4-U2,412|413|414,RLOO,RLOO,8,4,2,1024,3,31|47|73,0.7642447917,0.785,0.7411328125,0.7725,0.985,0.9733333333,0.08333333333,0.5142962963,0.7698828125,0.7725,0.756640625,0.7675,0.97,0.7323046875,0.7625,0.7028125,0.7425,0.99,0.790546875,0.82,0.7639453125,0.8075,0.96,0.01704776193,2.7578125,4.833333333,3,3,True
f31c2a6e,489,validated_complete_three_seed_cell,False,RLOO-S8-B4-U4,415|416|417,RLOO,RLOO,8,4,4,1024,3,31|47|73,0.7731380208,0.7941666667,0.7531640625,0.7833333333,0.9883333333,0.9633333333,1.833333333,0.509787037,0.790390625,0.7675,0.777265625,0.7625,0.97,0.7245703125,0.76,0.7046875,0.7375,0.96,0.804453125,0.855,0.7775390625,0.85,0.96,0.02462082585,3.647135417,5.75,2,3,True
f31c2a6e,489,validated_complete_three_seed_cell,False,RLOO-S8-B8-U1,418|419|420,RLOO,RLOO,8,8,1,2048,3,31|47|73,0.7600651042,0.7675,0.7264453125,0.7558333333,0.9841666667,0.9466666667,0.25,0.5982314815,0.783125,0.7825,0.7624609375,0.77,0.94,0.7262890625,0.7325,0.6861328125,0.7175,0.93,0.77078125,0.7875,0.7307421875,0.78,0.97,0.017259855,2.33984375,3.083333333,0.3333333333,3,True
f31c2a6e,489,validated_complete_three_seed_cell,False,RLOO-S8-B8-U2,421|422|423,RLOO,RLOO,8,8,2,2048,3,31|47|73,0.7727083333,0.7958333333,0.7501171875,0.7866666667,0.98,0.95,0.5,0.6187685185,0.7852734375,0.7875,0.7691015625,0.7775,0.95,0.7355078125,0.7725,0.71125,0.765,0.93,0.79734375,0.8275,0.77,0.8175,0.97,0.01892381369,3.604166667,5.916666667,0.6666666667,3,True
f31c2a6e,489,validated_complete_three_seed_cell,False,RLOO-S8-B8-U4,424|425|426,RLOO,RLOO,8,8,4,2048,3,31|47|73,0.7871484375,0.8141666667,0.7722786458,0.8083333333,0.9891666667,0.97,1.083333333,0.6666574074,0.779609375,0.81,0.762578125,0.805,0.96,0.761015625,0.795,0.74671875,0.79,0.98,0.8208203125,0.8375,0.8075390625,0.83,0.97,0.01767086358,5.048177083,7.75,2.666666667,3,True
f31c2a6e,489,validated_complete_three_seed_cell,False,RLOO-S8-B16-U1,427|428|429,RLOO,RLOO,8,16,1,4096,3,31|47|73,0.7617317708,0.7858333333,0.7269270833,0.7741666667,0.9858333333,0.96,0,0.8470462963,0.7825390625,0.8,0.76546875,0.7925,0.97,0.73453125,0.76,0.691640625,0.7425,0.94,0.768125,0.7975,0.723671875,0.7875,0.97,0.01422254724,2.506510417,4.916666667,1.666666667,3,True
f31c2a6e,489,validated_complete_three_seed_cell,False,RLOO-S8-B16-U2,430|431|432,RLOO,RLOO,8,16,2,4096,3,31|47|73,0.7635677083,0.7841666667,0.74203125,0.7775,0.9866666667,0.97,0.25,0.8565277778,0.766953125,0.7775,0.7523046875,0.7725,0.97,0.738125,0.7625,0.71515625,0.7575,0.97,0.785625,0.8125,0.7586328125,0.8025,0.97,0.0138161534,2.690104167,4.75,2.666666667,3,True
f31c2a6e,489,validated_complete_three_seed_cell,False,RLOO-S8-B16-U4,433|434|435,RLOO,RLOO,8,16,4,4096,3,31|47|73,0.7825130208,0.8091666667,0.76578125,0.8033333333,0.9933333333,0.9733333333,0.4166666667,0.9529537037,0.7781640625,0.7875,0.768359375,0.785,0.98,0.7663671875,0.8175,0.7488671875,0.8075,0.97,0.8030078125,0.8225,0.7801171875,0.8175,0.97,0.01079844015,4.584635417,7.25,3,3,True
f31c2a6e,489,validated_complete_three_seed_cell,False,RLOO-S16-B4-U1,436|437|438,RLOO,RLOO,16,4,1,2048,3,31|47|73,0.7561328125,0.77,0.7258463542,0.7591666667,0.9825,0.96,0.1666666667,0.5895925926,0.7735546875,0.785,0.7595703125,0.775,0.99,0.721328125,0.725,0.680078125,0.7125,0.95,0.773515625,0.8,0.737890625,0.79,0.94,0.0174023474,1.946614583,3.333333333,1.666666667,3,True
f31c2a6e,489,validated_complete_three_seed_cell,False,RLOO-S16-B4-U2,439|440|441,RLOO,RLOO,16,4,2,2048,3,31|47|73,0.7676692708,0.7858333333,0.749296875,0.78,0.9916666667,0.9666666667,0.8333333333,0.5783703704,0.780234375,0.7975,0.77015625,0.7925,0.94,0.753984375,0.78,0.7277734375,0.7725,0.97,0.7687890625,0.78,0.7499609375,0.775,0.99,0.007598378665,3.100260417,4.916666667,2.333333333,3,True
f31c2a6e,489,validated_complete_three_seed_cell,False,RLOO-S16-B4-U4,442|443|444,RLOO,RLOO,16,4,4,2048,3,31|47|73,0.7842578125,0.8041666667,0.7693489583,0.7908333333,0.9883333333,0.9633333333,2.5,0.6235277778,0.789375,0.8125,0.7822265625,0.805,0.96,0.77171875,0.8,0.75,0.7925,0.96,0.7916796875,0.8,0.7758203125,0.775,0.97,0.006304732677,4.759114583,6.75,2,3,True
f31c2a6e,489,validated_complete_three_seed_cell,False,RLOO-S16-B8-U1,445|446|447,RLOO,RLOO,16,8,1,4096,3,31|47|73,0.7555729167,0.7816666667,0.72765625,0.7725,0.9891666667,0.9633333333,0,0.7629907407,0.7666015625,0.7975,0.75328125,0.7925,0.96,0.7244921875,0.75,0.68671875,0.735,0.95,0.775625,0.7975,0.74296875,0.79,0.98,0.01575716134,1.890625,4.5,2,3,True
f31c2a6e,489,validated_complete_three_seed_cell,False,RLOO-S16-B8-U2,448|449|450,RLOO,RLOO,16,8,2,4096,3,31|47|73,0.7750651042,0.8225,0.7570963542,0.8141666667,0.9883333333,0.9633333333,0,0.8054351852,0.778515625,0.815,0.76703125,0.805,0.98,0.7557421875,0.81,0.730234375,0.8,0.94,0.7909375,0.8425,0.7740234375,0.8375,0.97,0.01030545286,3.83984375,8.583333333,2,3,True
f31c2a6e,489,validated_complete_three_seed_cell,False,RLOO-S16-B8-U4,451|452|453,RLOO,RLOO,16,8,4,4096,3,31|47|73,0.8101822917,0.8375,0.7988020833,0.835,0.9908333333,0.9766666667,0.5833333333,0.9311574074,0.8111328125,0.85,0.8045703125,0.8475,0.99,0.81046875,0.8275,0.7975390625,0.825,0.96,0.8089453125,0.835,0.794296875,0.8325,0.98,0.0006475164979,7.3515625,10.08333333,3.333333333,3,True
f31c2a6e,489,validated_complete_three_seed_cell,False,RLOO-S16-B16-U1,454|455|456,RLOO,RLOO,16,16,1,8192,3,31|47|73,0.7638541667,0.7825,0.7355208333,0.7733333333,0.9866666667,0.95,0.3333333333,1.221009259,0.780546875,0.7875,0.766640625,0.7825,0.95,0.739296875,0.755,0.7074609375,0.74,0.94,0.77171875,0.805,0.7324609375,0.7975,0.96,0.01254032666,2.71875,4.583333333,0.6666666667,3,True
f31c2a6e,489,validated_complete_three_seed_cell,False,RLOO-S16-B16-U2,457|458|459,RLOO,RLOO,16,16,2,8192,3,31|47|73,0.7784895833,0.8166666667,0.7591276042,0.8091666667,0.985,0.9733333333,0,1.327240741,0.7958203125,0.825,0.7817578125,0.815,0.95,0.757265625,0.7975,0.7352734375,0.79,0.99,0.7823828125,0.8275,0.7603515625,0.8225,0.98,0.01129873012,4.182291667,8,3,3,True
f31c2a6e,489,validated_complete_three_seed_cell,False,RLOO-S16-B16-U4,460|461|462,RLOO,RLOO,16,16,4,8192,3,31|47|73,0.7914973958,0.8225,0.7794791667,0.8166666667,0.9875,0.9766666667,0.4166666667,1.569583333,0.7873828125,0.8075,0.7779296875,0.8025,0.97,0.7854296875,0.8325,0.7722265625,0.825,0.98,0.8016796875,0.8275,0.78828125,0.8225,0.98,0.005122270721,5.483072917,8.583333333,3.333333333,3,True
f31c2a6e,489,validated_complete_three_seed_cell,False,RLOO-S32-B4-U1,463|464|465,RLOO,RLOO,32,4,1,4096,3,31|47|73,0.761171875,0.7841666667,0.7308333333,0.7708333333,0.98,0.9633333333,0.25,0.7638981481,0.7778515625,0.795,0.762421875,0.7875,0.97,0.7221484375,0.7275,0.685625,0.705,0.95,0.783515625,0.83,0.744453125,0.82,0.97,0.01958010816,2.450520833,4.75,2,3,True
f31c2a6e,489,validated_complete_three_seed_cell,False,RLOO-S32-B4-U2,466|467|468,RLOO,RLOO,32,4,2,4096,3,31|47|73,0.7719010417,0.81,0.753671875,0.8041666667,0.9858333333,0.9633333333,0,0.7940185185,0.7721484375,0.8075,0.7633984375,0.8025,0.97,0.7421484375,0.78,0.7170703125,0.775,0.94,0.80140625,0.8425,0.780546875,0.835,0.98,0.01710670423,3.5234375,7.333333333,2,3,True
f31c2a6e,489,validated_complete_three_seed_cell,False,RLOO-S32-B4-U4,469|470|471,RLOO,RLOO,32,4,4,4096,3,31|47|73,0.8005989583,0.8391666667,0.7902083333,0.8341666667,0.9916666667,0.9833333333,0.5833333333,0.8998703704,0.798828125,0.8375,0.79109375,0.8325,0.99,0.783359375,0.8275,0.7705859375,0.82,0.99,0.819609375,0.8525,0.8089453125,0.85,0.97,0.01050186512,6.393229167,10.25,4,3,True
f31c2a6e,489,validated_complete_three_seed_cell,False,RLOO-S32-B8-U1,472|473|474,RLOO,RLOO,32,8,1,8192,3,31|47|73,0.7617708333,0.7925,0.7360026042,0.7825,0.985,0.9566666667,0.1666666667,1.18425,0.7784375,0.785,0.7616015625,0.7775,0.97,0.7303125,0.775,0.700390625,0.7625,0.96,0.7765625,0.8175,0.746015625,0.8075,0.94,0.01573847683,2.510416667,5.583333333,1.333333333,3,True
f31c2a6e,489,validated_complete_three_seed_cell,False,RLOO-S32-B8-U2,475|476|477,RLOO,RLOO,32,8,2,8192,3,31|47|73,0.7786328125,0.8125,0.7619661458,0.8041666667,0.9933333333,0.9666666667,0.25,1.290287037,0.784140625,0.805,0.7740234375,0.8025,0.98,0.75078125,0.8025,0.7280859375,0.79,0.98,0.8009765625,0.83,0.7837890625,0.82,0.94,0.0147495124,4.196614583,7.583333333,2.333333333,3,True
f31c2a6e,489,validated_complete_three_seed_cell,False,RLOO-S32-B8-U4,478|479|480,RLOO,RLOO,32,8,4,8192,3,31|47|73,0.8016276042,0.8275,0.7906770833,0.8233333333,0.9883333333,0.96,1.083333333,1.468333333,0.810078125,0.84,0.7996875,0.835,0.98,0.7833203125,0.8025,0.7719921875,0.7975,0.95,0.811484375,0.84,0.8003515625,0.8375,0.95,0.009162643012,6.49609375,9.083333333,1.666666667,3,True
f31c2a6e,489,validated_complete_three_seed_cell,False,RLOO-S32-B16-U1,481|482|483,RLOO,RLOO,32,16,1,16384,3,31|47|73,0.7596875,0.7833333333,0.7325,0.7675,0.9858333333,0.9666666667,0,2.049324074,0.770703125,0.785,0.7565234375,0.775,0.97,0.7400390625,0.765,0.709296875,0.7525,0.96,0.7683203125,0.8,0.7316796875,0.775,0.97,0.009848270085,2.302083333,4.666666667,2.333333333,3,True
f31c2a6e,489,validated_complete_three_seed_cell,False,RLOO-S32-B16-U2,484|485|486,RLOO,RLOO,32,16,2,16384,3,31|47|73,0.7824869792,0.8116666667,0.7658333333,0.8041666667,0.9883333333,0.97,0.4166666667,2.226972222,0.793046875,0.82,0.7854296875,0.8125,0.98,0.764140625,0.7825,0.745625,0.775,0.97,0.7902734375,0.8325,0.7664453125,0.825,0.96,0.009208049419,4.58203125,7.5,2.666666667,3,True
f31c2a6e,489,validated_complete_three_seed_cell,False,RLOO-S32-B16-U4,487|488|489,RLOO,RLOO,32,16,4,16384,3,31|47|73,0.7976171875,0.8141666667,0.7842838542,0.8075,0.9875,0.9666666667,1.333333333,2.764814815,0.7912890625,0.8175,0.784140625,0.8125,0.95,0.783046875,0.795,0.7716796875,0.79,0.97,0.818515625,0.83,0.79703125,0.82,0.98,0.01071668374,6.095052083,7.75,2.333333333,3,True
