family,control,treatment,metric,n_seeds,mean_difference_pp,median_difference_pp,ci95_low_pp,ci95_high_pp,positive_seeds,exact_sign_flip_p,holm_adjusted_p
F001,NOEOS-F001,EOS-F001,strict_auc,3,19.64027777777777,17.166666666666654,-1.2000000000000122,42.95416666666665,2,0.5,1.0
F001,NOEOS-F001,EOS-F001,legacy_auc,3,0.35555555555555707,-1.2624999999999997,-1.5291666666666592,3.8583333333333303,1,1.0,
F001,NOEOS-F001,EOS-F001,strict_correct_eos_auc,3,19.64027777777777,17.166666666666654,-1.2000000000000122,42.95416666666665,2,0.5,
F001,NOEOS-F001,EOS-F001,natural_eos_auc,3,24.352777777777774,20.129166666666652,0.854166666666667,52.075,3,0.25,
F001,NOEOS-F001,EOS-F001,hit_max_auc,3,-24.352777777777778,-20.129166666666663,-52.075,-0.854166666666667,0,0.25,
F001,NOEOS-F001,EOS-F001,multiple_marker_auc,3,-16.12916666666667,-10.4125,-37.35000000000001,-0.6250000000000001,0,0.25,
F001,NOEOS-F001,EOS-F001,nonterminal_auc,3,-10.618055555555555,-10.399999999999999,-21.35,-0.10416666666666699,0,0.25,
F001,NOEOS-F001,EOS-F001,direct_answer_only_auc,3,0.0,0.0,0.0,0.0,0,1.0,
F001,NOEOS-F001,EOS-F001,nonempty_reasoning_auc,3,-2.1763888888888916,-2.0458333333333467,-3.5666666666666513,-0.9166666666666767,0,0.25,
F001,NOEOS-F001,EOS-F001,strict_correct_reasoning_auc,3,19.64027777777777,17.166666666666654,-1.2000000000000122,42.95416666666665,2,0.5,
F111,NOEOS-F111,EOS-F111,strict_auc,3,21.4236111111111,7.508333333333317,-0.9875000000000078,57.74999999999999,2,0.5,1.0
F111,NOEOS-F111,EOS-F111,legacy_auc,3,-0.10694444444444191,-0.39166666666666794,-0.9874999999999745,1.0583333333333167,1,1.0,
F111,NOEOS-F111,EOS-F111,strict_correct_eos_auc,3,21.409722222222214,7.508333333333317,-1.0291666666666588,57.74999999999999,2,0.5,
F111,NOEOS-F111,EOS-F111,natural_eos_auc,3,28.226388888888888,8.433333333333326,0.17083333333333117,76.07500000000002,3,0.25,
F111,NOEOS-F111,EOS-F111,hit_max_auc,3,-28.22638888888889,-8.433333333333334,-76.07500000000002,-0.17083333333333325,0,0.25,
F111,NOEOS-F111,EOS-F111,multiple_marker_auc,3,-16.618055555555557,-6.129166666666666,-43.724999999999994,0.0,0,0.5,
F111,NOEOS-F111,EOS-F111,nonterminal_auc,3,-12.166666666666668,-4.3916666666666675,-31.59583333333334,-0.5124999999999991,0,0.25,
F111,NOEOS-F111,EOS-F111,direct_answer_only_auc,3,0.0,0.0,0.0,0.0,0,1.0,
F111,NOEOS-F111,EOS-F111,nonempty_reasoning_auc,3,-0.7097222222222126,-0.8874999999999855,-1.170833333333321,-0.07083333333333108,0,0.25,
F111,NOEOS-F111,EOS-F111,strict_correct_reasoning_auc,3,21.4236111111111,7.508333333333317,-0.9875000000000078,57.74999999999999,2,0.5,
Q4,NOEOS-Q4,EOS-Q4,strict_auc,3,24.855555555555554,25.225,-2.1458333333333357,51.4875,2,0.5,1.0
Q4,NOEOS-Q4,EOS-Q4,legacy_auc,3,-0.9222222222222168,-1.3124999999999942,-2.1499999999999964,0.69583333333334,1,0.5,
Q4,NOEOS-Q4,EOS-Q4,strict_correct_eos_auc,3,24.855555555555554,25.225,-2.1458333333333357,51.4875,2,0.5,
Q4,NOEOS-Q4,EOS-Q4,natural_eos_auc,3,33.83472222222222,35.724999999999994,0.2791666666666637,65.5,3,0.25,
Q4,NOEOS-Q4,EOS-Q4,hit_max_auc,3,-33.83472222222221,-35.724999999999994,-65.49999999999999,-0.27916666666666645,0,0.25,
Q4,NOEOS-Q4,EOS-Q4,multiple_marker_auc,3,-14.488888888888892,-16.00833333333334,-27.458333333333336,0.0,0,0.5,
Q4,NOEOS-Q4,EOS-Q4,nonterminal_auc,3,-18.53888888888889,-17.6375,-38.4125,0.43333333333333346,1,0.5,
Q4,NOEOS-Q4,EOS-Q4,direct_answer_only_auc,3,0.0,0.0,0.0,0.0,0,1.0,
Q4,NOEOS-Q4,EOS-Q4,nonempty_reasoning_auc,3,-0.9847222222222155,-0.5208333333333148,-2.4666666666666615,0.03333333333332966,1,0.5,
Q4,NOEOS-Q4,EOS-Q4,strict_correct_reasoning_auc,3,24.855555555555554,25.225,-2.1458333333333357,51.4875,2,0.5,
Q5,NOEOS-Q5,EOS-Q5,strict_auc,3,37.61805555555556,35.962500000000006,25.8625,51.02916666666667,3,0.25,1.0
Q5,NOEOS-Q5,EOS-Q5,legacy_auc,3,-1.194444444444446,-1.258333333333328,-1.2958333333333294,-1.029166666666681,0,0.25,
Q5,NOEOS-Q5,EOS-Q5,strict_correct_eos_auc,3,37.79722222222223,36.07500000000001,26.183333333333337,51.13333333333334,3,0.25,
Q5,NOEOS-Q5,EOS-Q5,natural_eos_auc,3,49.59027777777778,45.679166666666674,39.758333333333326,63.33333333333333,3,0.25,
Q5,NOEOS-Q5,EOS-Q5,hit_max_auc,3,-49.59027777777778,-45.679166666666674,-63.33333333333334,-39.758333333333326,0,0.25,
Q5,NOEOS-Q5,EOS-Q5,multiple_marker_auc,3,-11.740277777777779,-10.395833333333334,-23.5875,-1.2375000000000003,0,0.25,
Q5,NOEOS-Q5,EOS-Q5,nonterminal_auc,3,-37.352777777777774,-38.64583333333333,-43.44166666666667,-29.970833333333342,0,0.25,
Q5,NOEOS-Q5,EOS-Q5,direct_answer_only_auc,3,0.0,0.0,0.0,0.0,0,1.0,
Q5,NOEOS-Q5,EOS-Q5,nonempty_reasoning_auc,3,-4.831944444444444,-2.7833333333333488,-9.820833333333335,-1.891666666666647,0,0.25,
Q5,NOEOS-Q5,EOS-Q5,strict_correct_reasoning_auc,3,37.61805555555556,35.962500000000006,25.8625,51.02916666666667,3,0.25,
