family,treatment,control,metric,observational_unit,seed_count,bootstrap,mean_difference,mean_difference_pp,one_sided_95_lower,one_sided_95_lower_pp,two_sided_95_low,two_sided_95_high,two_sided_95_low_pp,two_sided_95_high_pp,positive_seeds,zero_seeds,negative_seeds,exact_two_sided_sign_flip_p,seed_differences_json
trained_vs_base,PIS-S8-B8-U4,CTRL-base,final_extracted,paired training seed,7,exact ordinary paired-seed bootstrap (7^7 resamples),0.05571428571428573,5.571428571428573,0.017857142857142905,1.7857142857142905,0.010714285714285772,0.09821428571428568,1.0714285714285772,9.821428571428568,5,0,2,0.078125,"{""1009"": 0.04749999999999999, ""1013"": 0.08999999999999997, ""1019"": 0.05750000000000011, ""1021"": -0.01749999999999996, ""1031"": 0.125, ""1033"": -0.03499999999999992, ""1039"": 0.12249999999999994}"
trained_vs_base,PIS-S8-B8-U4,CTRL-base,final_strict,paired training seed,7,exact ordinary paired-seed bootstrap (7^7 resamples),0.28964285714285715,28.964285714285715,0.20464285714285704,20.464285714285705,0.18785714285714286,0.37392857142857144,18.785714285714285,37.392857142857146,7,0,0,0.015625,"{""1009"": 0.2549999999999999, ""1013"": 0.37999999999999995, ""1019"": 0.3875, ""1021"": 0.02749999999999997, ""1031"": 0.31999999999999995, ""1033"": 0.435, ""1039"": 0.22250000000000003}"
trained_vs_base,PIS-S8-B8-U4,CTRL-base,extracted_auc,paired training seed,7,exact ordinary paired-seed bootstrap (7^7 resamples),0.041116071428571446,4.111607142857145,0.021685267857142882,2.1685267857142883,0.0185546875,0.06318080357142859,1.85546875,6.318080357142859,7,0,0,0.015625,"{""1009"": 0.029492187499999933, ""1013"": 0.0753125, ""1019"": 0.028750000000000053, ""1021"": 0.004218750000000049, ""1031"": 0.07140625, ""1033"": 0.004531250000000098, ""1039"": 0.0741015625}"
trained_vs_base,GRPO-S8-B8-U4,CTRL-base,final_extracted,paired training seed,7,exact ordinary paired-seed bootstrap (7^7 resamples),0.0617857142857143,6.17857142857143,0.043214285714285726,4.321428571428573,0.04142857142857145,0.08178571428571428,4.142857142857145,8.178571428571429,7,0,0,0.015625,"{""1009"": 0.025000000000000022, ""1013"": 0.07250000000000001, ""1019"": 0.0675, ""1021"": 0.020000000000000018, ""1031"": 0.07250000000000001, ""1033"": 0.06500000000000006, ""1039"": 0.10999999999999999}"
trained_vs_base,GRPO-S8-B8-U4,CTRL-base,final_strict,paired training seed,7,exact ordinary paired-seed bootstrap (7^7 resamples),0.30250000000000005,30.250000000000004,0.21500000000000005,21.500000000000004,0.1992857142857143,0.4078571428571429,19.92857142857143,40.78571428571429,7,0,0,0.015625,"{""1009"": 0.22999999999999998, ""1013"": 0.37000000000000005, ""1019"": 0.4025, ""1021"": 0.07000000000000006, ""1031"": 0.26, ""1033"": 0.54, ""1039"": 0.245}"
trained_vs_base,GRPO-S8-B8-U4,CTRL-base,extracted_auc,paired training seed,7,exact ordinary paired-seed bootstrap (7^7 resamples),0.043537946428571436,4.353794642857143,0.030641741071428585,3.0641741071428585,0.02817522321428569,0.05774553571428574,2.817522321428569,5.774553571428574,7,0,0,0.015625,"{""1009"": 0.012851562499999969, ""1013"": 0.05101562500000001, ""1019"": 0.03937500000000005, ""1021"": 0.01675781249999997, ""1031"": 0.06062500000000004, ""1033"": 0.053906250000000044, ""1039"": 0.07023437499999996}"
trained_vs_base,RLOO-S8-B8-U4,CTRL-base,final_extracted,paired training seed,7,exact ordinary paired-seed bootstrap (7^7 resamples),0.06785714285714288,6.785714285714288,0.039285714285714306,3.9285714285714306,0.034642857142857184,0.10285714285714287,3.4642857142857184,10.285714285714286,7,0,0,0.015625,"{""1009"": 0.022499999999999964, ""1013"": 0.11250000000000004, ""1019"": 0.0475000000000001, ""1021"": 0.010000000000000009, ""1031"": 0.10750000000000004, ""1033"": 0.03750000000000009, ""1039"": 0.13749999999999996}"
trained_vs_base,RLOO-S8-B8-U4,CTRL-base,final_strict,paired training seed,7,exact ordinary paired-seed bootstrap (7^7 resamples),0.3067857142857143,30.678571428571427,0.21892857142857153,21.892857142857153,0.20214285714285715,0.4028571428571429,20.214285714285715,40.28571428571429,7,0,0,0.015625,"{""1009"": 0.22499999999999998, ""1013"": 0.41, ""1019"": 0.38499999999999995, ""1021"": 0.05500000000000005, ""1031"": 0.2925, ""1033"": 0.51, ""1039"": 0.27}"
trained_vs_base,RLOO-S8-B8-U4,CTRL-base,extracted_auc,paired training seed,7,exact ordinary paired-seed bootstrap (7^7 resamples),0.04939732142857145,4.939732142857145,0.02757812500000004,2.757812500000004,0.024040178571428594,0.07842075892857148,2.4040178571428594,7.842075892857148,6,0,1,0.03125,"{""1009"": -0.0014453125000000178, ""1013"": 0.05734375000000003, ""1019"": 0.049765625000000036, ""1021"": 0.01683593750000001, ""1031"": 0.06082031249999997, ""1033"": 0.03796875000000011, ""1039"": 0.12449218750000002}"
registered_pis_competitiveness,PIS-S8-B8-U4,GRPO-S8-B8-U4,final_extracted,paired training seed,7,exact ordinary paired-seed bootstrap (7^7 resamples),-0.006071428571428569,-0.6071428571428569,-0.0364285714285714,-3.64285714285714,-0.04357142857142852,0.024642857142857126,-4.357142857142851,2.4642857142857126,4,0,3,0.796875,"{""1009"": 0.022499999999999964, ""1013"": 0.01749999999999996, ""1019"": -0.009999999999999898, ""1021"": -0.03749999999999998, ""1031"": 0.05249999999999999, ""1033"": -0.09999999999999998, ""1039"": 0.012499999999999956}"
registered_pis_competitiveness,PIS-S8-B8-U4,GRPO-S8-B8-U4,final_strict,paired training seed,7,exact ordinary paired-seed bootstrap (7^7 resamples),-0.0128571428571429,-1.28571428571429,-0.044285714285714296,-4.42857142857143,-0.05035714285714289,0.021428571428571384,-5.035714285714289,2.1428571428571384,3,0,4,0.578125,"{""1009"": 0.02499999999999991, ""1013"": 0.009999999999999898, ""1019"": -0.015000000000000013, ""1021"": -0.04250000000000009, ""1031"": 0.05999999999999994, ""1033"": -0.10499999999999998, ""1039"": -0.022499999999999964}"
registered_pis_competitiveness,PIS-S8-B8-U4,GRPO-S8-B8-U4,extracted_auc,paired training seed,7,exact ordinary paired-seed bootstrap (7^7 resamples),-0.002421874999999986,-0.2421874999999986,-0.017494419642857122,-1.7494419642857122,-0.020552455357142833,0.012952008928571433,-2.0552455357142834,1.2952008928571432,4,0,3,0.859375,"{""1009"": 0.016640624999999964, ""1013"": 0.024296874999999996, ""1019"": -0.010624999999999996, ""1021"": -0.01253906249999992, ""1031"": 0.010781249999999964, ""1033"": -0.04937499999999995, ""1039"": 0.0038671875000000355}"
registered_pis_competitiveness,PIS-S8-B8-U4,RLOO-S8-B8-U4,final_extracted,paired training seed,7,exact ordinary paired-seed bootstrap (7^7 resamples),-0.012142857142857153,-1.2142857142857153,-0.032142857142857154,-3.2142857142857153,-0.0367857142857143,0.009285714285714277,-3.6785714285714297,0.9285714285714277,3,0,4,0.4375,"{""1009"": 0.025000000000000022, ""1013"": -0.022500000000000075, ""1019"": 0.010000000000000009, ""1021"": -0.02749999999999997, ""1031"": 0.01749999999999996, ""1033"": -0.07250000000000001, ""1039"": -0.015000000000000013}"
registered_pis_competitiveness,PIS-S8-B8-U4,RLOO-S8-B8-U4,final_strict,paired training seed,7,exact ordinary paired-seed bootstrap (7^7 resamples),-0.017142857142857158,-1.7142857142857157,-0.03964285714285714,-3.964285714285714,-0.04357142857142858,0.009285714285714246,-4.357142857142858,0.9285714285714246,3,0,4,0.359375,"{""1009"": 0.029999999999999916, ""1013"": -0.030000000000000027, ""1019"": 0.0025000000000000577, ""1021"": -0.02750000000000008, ""1031"": 0.02749999999999997, ""1033"": -0.07499999999999996, ""1039"": -0.04749999999999999}"
registered_pis_competitiveness,PIS-S8-B8-U4,RLOO-S8-B8-U4,extracted_auc,paired training seed,7,exact ordinary paired-seed bootstrap (7^7 resamples),-0.008281250000000002,-0.8281250000000002,-0.025295758928571437,-2.5295758928571437,-0.028443080357142856,0.011651785714285696,-2.8443080357142856,1.1651785714285696,3,0,4,0.453125,"{""1009"": 0.03093749999999995, ""1013"": 0.017968749999999978, ""1019"": -0.021015624999999982, ""1021"": -0.01261718749999996, ""1031"": 0.010585937500000031, ""1033"": -0.03343750000000001, ""1039"": -0.05039062500000002}"
comparator_description,GRPO-S8-B8-U4,RLOO-S8-B8-U4,final_extracted,paired training seed,7,exact ordinary paired-seed bootstrap (7^7 resamples),-0.006071428571428584,-0.6071428571428584,-0.022142857142857148,-2.214285714285715,-0.025000000000000022,0.012499999999999987,-2.500000000000002,1.2499999999999987,4,0,3,0.578125,"{""1009"": 0.0025000000000000577, ""1013"": -0.040000000000000036, ""1019"": 0.019999999999999907, ""1021"": 0.010000000000000009, ""1031"": -0.03500000000000003, ""1033"": 0.02749999999999997, ""1039"": -0.02749999999999997}"
comparator_description,GRPO-S8-B8-U4,RLOO-S8-B8-U4,final_strict,paired training seed,7,exact ordinary paired-seed bootstrap (7^7 resamples),-0.004285714285714258,-0.4285714285714258,-0.020357142857142834,-2.0357142857142834,-0.023571428571428528,0.014285714285714315,-2.3571428571428528,1.4285714285714315,4,0,3,0.6875,"{""1009"": 0.0050000000000000044, ""1013"": -0.039999999999999925, ""1019"": 0.01750000000000007, ""1021"": 0.015000000000000013, ""1031"": -0.03249999999999997, ""1033"": 0.030000000000000027, ""1039"": -0.025000000000000022}"
comparator_description,GRPO-S8-B8-U4,RLOO-S8-B8-U4,extracted_auc,paired training seed,7,exact ordinary paired-seed bootstrap (7^7 resamples),-0.005859375000000016,-0.5859375000000016,-0.020446428571428595,-2.0446428571428594,-0.023688616071428612,0.00769531249999998,-2.368861607142861,0.769531249999998,2,0,5,0.640625,"{""1009"": 0.014296874999999987, ""1013"": -0.006328125000000018, ""1019"": -0.010390624999999987, ""1021"": -7.812500000003997e-05, ""1031"": -0.0001953124999999334, ""1033"": 0.015937499999999938, ""1039"": -0.05425781250000006}"
